Kod,Obec,Voliči v seznamu,Platné hlasy,Odevzdané obálky,Vydané obálky
534421,Bavoryně,239,151,151,150
531057,Beroun,14 804,9 145,9 135,9 076
531073,Běštín,262,158,158,157
531081,Broumy,743,491,491,489
531090,Březová,246,168,168,168
531103,Bubovice,372,270,270,269
534145,Bykoš,183,121,121,121
531120,Bzová,364,238,238,235
531138,Cerhovice,909,593,593,591
531154,Drozdov,604,420,420,418
531162,Felbabka,215,136,136,135
531171,Hlásná Třebaň,759,578,578,572
531189,Hořovice,5 247,3 110,3 107,3 090
531201,Hostomice,1 333,796,794,790
531219,Hředle,299,217,217,216
531227,Hudlice,978,663,663,658
531235,Hvozdec,213,155,155,154
531243,Hýskov,1 335,879,879,868
531251,Chaloupky,423,298,298,294
534455,Chlustina,187,117,117,115
534447,Chodouň,501,339,339,337
533670,Chrustenice,709,512,511,508
531294,Chyňava,1 438,916,916,914
531308,Jivina,153,92,92,92
531316,Karlštejn,668,448,448,446
531324,Komárov,1 943,1 185,1 184,1 181
531332,Koněprusy,181,128,128,127
533793,Korno,90,69,69,69
534072,Kotopeky,236,136,136,133
533203,Králův Dvůr,6 238,3 630,3 626,3 605
531375,Kublov,525,348,348,346
533939,Lážovice,81,51,51,51
533335,Lhotka,271,165,165,164
531448,Libomyšl,423,266,266,266
531456,Liteň,880,517,515,513
531464,Loděnice,1 371,863,863,861
531472,Lochovice,925,546,546,541
534404,Lužce,95,56,56,56
533319,Malá Víska,81,59,59,58
534218,Málkov,100,76,76,76
531529,Měňany,240,133,133,132
531537,Mezouň,434,329,329,327
531545,Mořina,617,412,412,410
533912,Mořinka,129,93,93,93
533602,Nenačovice,197,146,146,146
534269,Nesvačily,128,105,105,105
531588,Neumětely,437,250,250,250
531596,Nižbor,1 614,1 038,1 038,1 033
531600,Nový Jáchymov,540,354,354,350
531626,Olešná,343,227,227,225
531634,Osek,633,421,421,417
531642,Osov,290,202,202,199
534111,Otmíče,142,107,107,105
531669,Otročiněves,411,293,293,293
534285,Podbrdy,176,122,122,122
531685,Podluhy,535,337,337,334
531693,Praskolesy,690,465,465,464
531715,Rpety,403,259,259,259
533963,Skřipel,100,60,60,60
531740,Skuhrov,384,259,259,259
531758,Srbsko,411,271,271,270
531766,Stašov,362,220,220,220
531782,Suchomasty,360,238,238,236
531791,Svatá,407,288,287,287
531804,Svatý Jan pod Skalou,132,98,98,94
531812,Svinaře,524,372,372,372
531839,Tetín,691,484,483,480
531847,Tlustice,753,505,504,503
531855,Tmaň,891,502,502,499
534463,Točník,195,129,129,127
533106,Trubín,337,242,242,238
531880,Trubská,158,106,106,106
531901,Újezd,503,367,367,363
531910,Velký Chlumec,344,236,236,235
534234,Vinařice,79,58,58,58
534048,Vižina,217,159,159,159
531944,Vráž,907,600,600,598
531952,Všeradice,344,226,226,226
531961,Vysoký Újezd,580,373,373,370
531979,Zadní Třebaň,663,497,495,490
531995,Zaječov,1 181,768,768,763
532002,Záluží,392,228,228,227
532011,Zdice,3 218,1 958,1 957,1 945
532029,Žebrák,1 644,1 105,1 105,1 096
599417,Železná,207,146,146,146
,1,,,,,"100,00"
,Občanská demokratická strana,,,,,18
,Řád národa - Vlastenecká unie,,,,,0
,CESTA ODPOVĚDNÉ SPOLEČNOSTI,,,,,0
,Česká str.sociálně demokrat.,,,,,6
,Radostné Česko,,,,,0
,STAROSTOVÉ A NEZÁVISLÍ,,,,,8
,Komunistická str.Čech a Moravy,,,,,7
,Strana zelených,,,,,5
,"ROZUMNÍ-stop migraci,diktát.EU",,,,,2
,Strana svobodných občanů,,,,,4
,Blok proti islam.-Obran.domova,,,,,0
,Občanská demokratická aliance,,,,,0
,Česká pirátská strana,,,,,16
,Unie H.A.V.E.L.,,,,,0
,Referendum o Evropské unii,,,,,0
,TOP 09,,,,,11
,ANO 2011,,,,,55
,Dobrá volba 2016,,,,,0
,SPR-Republ.str.Čsl. M.Sládka,,,,,2
,Křesť.demokr.unie-Čs.str.lid.,,,,,3
,Česká strana národně sociální,,,,,0
,REALISTÉ,,,,,0
,SPORTOVCI,,,,,0
,Dělnic.str.sociální spravedl.,,,,,2
,Svob.a př.dem.-T.Okamura (SPD),,,,,11
,Strana Práv Občanů,,,,,0
,19,,,,,"100,00"
,Občanská demokratická strana,,,,,1 363
,Řád národa - Vlastenecká unie,,,,,16
,CESTA ODPOVĚDNÉ SPOLEČNOSTI,,,,,11
,Česká str.sociálně demokrat.,,,,,576
,Radostné Česko,,,,,1
,STAROSTOVÉ A NEZÁVISLÍ,,,,,433
,Komunistická str.Čech a Moravy,,,,,651
,Strana zelených,,,,,140
,"ROZUMNÍ-stop migraci,diktát.EU",,,,,78
,Strana svobodných občanů,,,,,205
,Blok proti islam.-Obran.domova,,,,,8
,Občanská demokratická aliance,,,,,12
,Česká pirátská strana,,,,,1 290
,Unie H.A.V.E.L.,,,,,4
,Referendum o Evropské unii,,,,,6
,TOP 09,,,,,641
,ANO 2011,,,,,2 433
,Dobrá volba 2016,,,,,3
,SPR-Republ.str.Čsl. M.Sládka,,,,,13
,Křesť.demokr.unie-Čs.str.lid.,,,,,279
,Česká strana národně sociální,,,,,2
,REALISTÉ,,,,,61
,SPORTOVCI,,,,,17
,Dělnic.str.sociální spravedl.,,,,,12
,Svob.a př.dem.-T.Okamura (SPD),,,,,800
,Strana Práv Občanů,,,,,21
,1,,,,,"100,00"
,Občanská demokratická strana,,,,,27
,Řád národa - Vlastenecká unie,,,,,2
,CESTA ODPOVĚDNÉ SPOLEČNOSTI,,,,,0
,Česká str.sociálně demokrat.,,,,,21
,Radostné Česko,,,,,0
,STAROSTOVÉ A NEZÁVISLÍ,,,,,2
,Komunistická str.Čech a Moravy,,,,,11
,Strana zelených,,,,,3
,"ROZUMNÍ-stop migraci,diktát.EU",,,,,3
,Strana svobodných občanů,,,,,3
,Blok proti islam.-Obran.domova,,,,,1
,Občanská demokratická aliance,,,,,0
,Česká pirátská strana,,,,,12
,Unie H.A.V.E.L.,,,,,0
,Referendum o Evropské unii,,,,,0
,TOP 09,,,,,2
,ANO 2011,,,,,40
,Dobrá volba 2016,,,,,0
,SPR-Republ.str.Čsl. M.Sládka,,,,,0
,Křesť.demokr.unie-Čs.str.lid.,,,,,2
,Česká strana národně sociální,,,,,0
,REALISTÉ,,,,,1
,SPORTOVCI,,,,,0
,Dělnic.str.sociální spravedl.,,,,,1
,Svob.a př.dem.-T.Okamura (SPD),,,,,26
,Strana Práv Občanů,,,,,0
,1,,,,,"100,00"
,Občanská demokratická strana,,,,,62
,Řád národa - Vlastenecká unie,,,,,1
,CESTA ODPOVĚDNÉ SPOLEČNOSTI,,,,,0
,Česká str.sociálně demokrat.,,,,,35
,Radostné Česko,,,,,2
,STAROSTOVÉ A NEZÁVISLÍ,,,,,20
,Komunistická str.Čech a Moravy,,,,,54
,Strana zelených,,,,,6
,"ROZUMNÍ-stop migraci,diktát.EU",,,,,5
,Strana svobodných občanů,,,,,8
,Blok proti islam.-Obran.domova,,,,,0
,Občanská demokratická aliance,,,,,0
,Česká pirátská strana,,,,,76
,Unie H.A.V.E.L.,,,,,1
,Referendum o Evropské unii,,,,,3
,TOP 09,,,,,22
,ANO 2011,,,,,144
,Dobrá volba 2016,,,,,0
,SPR-Republ.str.Čsl. M.Sládka,,,,,4
,Křesť.demokr.unie-Čs.str.lid.,,,,,11
,Česká strana národně sociální,,,,,0
,REALISTÉ,,,,,3
,SPORTOVCI,,,,,0
,Dělnic.str.sociální spravedl.,,,,,0
,Svob.a př.dem.-T.Okamura (SPD),,,,,32
,Strana Práv Občanů,,,,,0
,1,,,,,"100,00"
,Občanská demokratická strana,,,,,30
,Řád národa - Vlastenecká unie,,,,,0
,CESTA ODPOVĚDNÉ SPOLEČNOSTI,,,,,0
,Česká str.sociálně demokrat.,,,,,12
,Radostné Česko,,,,,0
,STAROSTOVÉ A NEZÁVISLÍ,,,,,21
,Komunistická str.Čech a Moravy,,,,,14
,Strana zelených,,,,,2
,"ROZUMNÍ-stop migraci,diktát.EU",,,,,1
,Strana svobodných občanů,,,,,0
,Blok proti islam.-Obran.domova,,,,,0
,Občanská demokratická aliance,,,,,0
,Česká pirátská strana,,,,,12
,Unie H.A.V.E.L.,,,,,0
,Referendum o Evropské unii,,,,,0
,TOP 09,,,,,7
,ANO 2011,,,,,38
,Dobrá volba 2016,,,,,0
,SPR-Republ.str.Čsl. M.Sládka,,,,,0
,Křesť.demokr.unie-Čs.str.lid.,,,,,5
,Česká strana národně sociální,,,,,0
,REALISTÉ,,,,,1
,SPORTOVCI,,,,,0
,Dělnic.str.sociální spravedl.,,,,,0
,Svob.a př.dem.-T.Okamura (SPD),,,,,25
,Strana Práv Občanů,,,,,0
,1,,,,,"100,00"
,Občanská demokratická strana,,,,,44
,Řád národa - Vlastenecká unie,,,,,2
,CESTA ODPOVĚDNÉ SPOLEČNOSTI,,,,,0
,Česká str.sociálně demokrat.,,,,,8
,Radostné Česko,,,,,0
,STAROSTOVÉ A NEZÁVISLÍ,,,,,10
,Komunistická str.Čech a Moravy,,,,,11
,Strana zelených,,,,,4
,"ROZUMNÍ-stop migraci,diktát.EU",,,,,0
,Strana svobodných občanů,,,,,6
,Blok proti islam.-Obran.domova,,,,,0
,Občanská demokratická aliance,,,,,0
,Česká pirátská strana,,,,,50
,Unie H.A.V.E.L.,,,,,0
,Referendum o Evropské unii,,,,,1
,TOP 09,,,,,28
,ANO 2011,,,,,65
,Dobrá volba 2016,,,,,1
,SPR-Republ.str.Čsl. M.Sládka,,,,,0
,Křesť.demokr.unie-Čs.str.lid.,,,,,9
,Česká strana národně sociální,,,,,0
,REALISTÉ,,,,,3
,SPORTOVCI,,,,,2
,Dělnic.str.sociální spravedl.,,,,,1
,Svob.a př.dem.-T.Okamura (SPD),,,,,24
,Strana Práv Občanů,,,,,0
,1,,,,,"100,00"
,Občanská demokratická strana,,,,,13
,Řád národa - Vlastenecká unie,,,,,0
,CESTA ODPOVĚDNÉ SPOLEČNOSTI,,,,,0
,Česká str.sociálně demokrat.,,,,,16
,Radostné Česko,,,,,0
,STAROSTOVÉ A NEZÁVISLÍ,,,,,6
,Komunistická str.Čech a Moravy,,,,,13
,Strana zelených,,,,,4
,"ROZUMNÍ-stop migraci,diktát.EU",,,,,0
,Strana svobodných občanů,,,,,0
,Blok proti islam.-Obran.domova,,,,,0
,Občanská demokratická aliance,,,,,0
,Česká pirátská strana,,,,,12
,Unie H.A.V.E.L.,,,,,0
,Referendum o Evropské unii,,,,,0
,TOP 09,,,,,5
,ANO 2011,,,,,37
,Dobrá volba 2016,,,,,0
,SPR-Republ.str.Čsl. M.Sládka,,,,,0
,Křesť.demokr.unie-Čs.str.lid.,,,,,1
,Česká strana národně sociální,,,,,0
,REALISTÉ,,,,,1
,SPORTOVCI,,,,,1
,Dělnic.str.sociální spravedl.,,,,,0
,Svob.a př.dem.-T.Okamura (SPD),,,,,12
,Strana Práv Občanů,,,,,0
,1,,,,,"100,00"
,Občanská demokratická strana,,,,,23
,Řád národa - Vlastenecká unie,,,,,0
,CESTA ODPOVĚDNÉ SPOLEČNOSTI,,,,,0
,Česká str.sociálně demokrat.,,,,,18
,Radostné Česko,,,,,0
,STAROSTOVÉ A NEZÁVISLÍ,,,,,11
,Komunistická str.Čech a Moravy,,,,,25
,Strana zelených,,,,,1
,"ROZUMNÍ-stop migraci,diktát.EU",,,,,3
,Strana svobodných občanů,,,,,7
,Blok proti islam.-Obran.domova,,,,,0
,Občanská demokratická aliance,,,,,0
,Česká pirátská strana,,,,,23
,Unie H.A.V.E.L.,,,,,1
,Referendum o Evropské unii,,,,,1
,TOP 09,,,,,13
,ANO 2011,,,,,76
,Dobrá volba 2016,,,,,0
,SPR-Republ.str.Čsl. M.Sládka,,,,,0
,Křesť.demokr.unie-Čs.str.lid.,,,,,5
,Česká strana národně sociální,,,,,0
,REALISTÉ,,,,,4
,SPORTOVCI,,,,,0
,Dělnic.str.sociální spravedl.,,,,,0
,Svob.a př.dem.-T.Okamura (SPD),,,,,24
,Strana Práv Občanů,,,,,0
,1,,,,,"100,00"
,Občanská demokratická strana,,,,,80
,Řád národa - Vlastenecká unie,,,,,1
,CESTA ODPOVĚDNÉ SPOLEČNOSTI,,,,,0
,Česká str.sociálně demokrat.,,,,,60
,Radostné Česko,,,,,0
,STAROSTOVÉ A NEZÁVISLÍ,,,,,44
,Komunistická str.Čech a Moravy,,,,,33
,Strana zelených,,,,,5
,"ROZUMNÍ-stop migraci,diktát.EU",,,,,9
,Strana svobodných občanů,,,,,14
,Blok proti islam.-Obran.domova,,,,,0
,Občanská demokratická aliance,,,,,0
,Česká pirátská strana,,,,,52
,Unie H.A.V.E.L.,,,,,0
,Referendum o Evropské unii,,,,,0
,TOP 09,,,,,20
,ANO 2011,,,,,201
,Dobrá volba 2016,,,,,0
,SPR-Republ.str.Čsl. M.Sládka,,,,,1
,Křesť.demokr.unie-Čs.str.lid.,,,,,18
,Česká strana národně sociální,,,,,0
,REALISTÉ,,,,,2
,SPORTOVCI,,,,,1
,Dělnic.str.sociální spravedl.,,,,,3
,Svob.a př.dem.-T.Okamura (SPD),,,,,44
,Strana Práv Občanů,,,,,3
,1,,,,,"100,00"
,Občanská demokratická strana,,,,,58
,Řád národa - Vlastenecká unie,,,,,0
,CESTA ODPOVĚDNÉ SPOLEČNOSTI,,,,,0
,Česká str.sociálně demokrat.,,,,,41
,Radostné Česko,,,,,0
,STAROSTOVÉ A NEZÁVISLÍ,,,,,25
,Komunistická str.Čech a Moravy,,,,,58
,Strana zelených,,,,,5
,"ROZUMNÍ-stop migraci,diktát.EU",,,,,3
,Strana svobodných občanů,,,,,4
,Blok proti islam.-Obran.domova,,,,,0
,Občanská demokratická aliance,,,,,0
,Česká pirátská strana,,,,,37
,Unie H.A.V.E.L.,,,,,1
,Referendum o Evropské unii,,,,,0
,TOP 09,,,,,11
,ANO 2011,,,,,127
,Dobrá volba 2016,,,,,0
,SPR-Republ.str.Čsl. M.Sládka,,,,,0
,Křesť.demokr.unie-Čs.str.lid.,,,,,14
,Česká strana národně sociální,,,,,0
,REALISTÉ,,,,,2
,SPORTOVCI,,,,,0
,Dělnic.str.sociální spravedl.,,,,,3
,Svob.a př.dem.-T.Okamura (SPD),,,,,28
,Strana Práv Občanů,,,,,1
,1,,,,,"100,00"
,Občanská demokratická strana,,,,,27
,Řád národa - Vlastenecká unie,,,,,0
,CESTA ODPOVĚDNÉ SPOLEČNOSTI,,,,,0
,Česká str.sociálně demokrat.,,,,,16
,Radostné Česko,,,,,0
,STAROSTOVÉ A NEZÁVISLÍ,,,,,7
,Komunistická str.Čech a Moravy,,,,,17
,Strana zelených,,,,,0
,"ROZUMNÍ-stop migraci,diktát.EU",,,,,0
,Strana svobodných občanů,,,,,7
,Blok proti islam.-Obran.domova,,,,,0
,Občanská demokratická aliance,,,,,0
,Česká pirátská strana,,,,,9
,Unie H.A.V.E.L.,,,,,0
,Referendum o Evropské unii,,,,,0
,TOP 09,,,,,4
,ANO 2011,,,,,40
,Dobrá volba 2016,,,,,0
,SPR-Republ.str.Čsl. M.Sládka,,,,,0
,Křesť.demokr.unie-Čs.str.lid.,,,,,2
,Česká strana národně sociální,,,,,0
,REALISTÉ,,,,,0
,SPORTOVCI,,,,,0
,Dělnic.str.sociální spravedl.,,,,,0
,Svob.a př.dem.-T.Okamura (SPD),,,,,5
,Strana Práv Občanů,,,,,1
,1,,,,,"100,00"
,Občanská demokratická strana,,,,,114
,Řád národa - Vlastenecká unie,,,,,1
,CESTA ODPOVĚDNÉ SPOLEČNOSTI,,,,,0
,Česká str.sociálně demokrat.,,,,,17
,Radostné Česko,,,,,2
,STAROSTOVÉ A NEZÁVISLÍ,,,,,48
,Komunistická str.Čech a Moravy,,,,,23
,Strana zelených,,,,,12
,"ROZUMNÍ-stop migraci,diktát.EU",,,,,5
,Strana svobodných občanů,,,,,11
,Blok proti islam.-Obran.domova,,,,,1
,Občanská demokratická aliance,,,,,2
,Česká pirátská strana,,,,,95
,Unie H.A.V.E.L.,,,,,0
,Referendum o Evropské unii,,,,,0
,TOP 09,,,,,60
,ANO 2011,,,,,131
,Dobrá volba 2016,,,,,0
,SPR-Republ.str.Čsl. M.Sládka,,,,,0
,Křesť.demokr.unie-Čs.str.lid.,,,,,19
,Česká strana národně sociální,,,,,0
,REALISTÉ,,,,,1
,SPORTOVCI,,,,,0
,Dělnic.str.sociální spravedl.,,,,,0
,Svob.a př.dem.-T.Okamura (SPD),,,,,28
,Strana Práv Občanů,,,,,2
,5,,,,,"100,00"
,Občanská demokratická strana,,,,,588
,Řád národa - Vlastenecká unie,,,,,7
,CESTA ODPOVĚDNÉ SPOLEČNOSTI,,,,,3
,Česká str.sociálně demokrat.,,,,,254
,Radostné Česko,,,,,2
,STAROSTOVÉ A NEZÁVISLÍ,,,,,108
,Komunistická str.Čech a Moravy,,,,,305
,Strana zelených,,,,,57
,"ROZUMNÍ-stop migraci,diktát.EU",,,,,14
,Strana svobodných občanů,,,,,41
,Blok proti islam.-Obran.domova,,,,,2
,Občanská demokratická aliance,,,,,2
,Česká pirátská strana,,,,,290
,Unie H.A.V.E.L.,,,,,3
,Referendum o Evropské unii,,,,,1
,TOP 09,,,,,149
,ANO 2011,,,,,864
,Dobrá volba 2016,,,,,3
,SPR-Republ.str.Čsl. M.Sládka,,,,,9
,Křesť.demokr.unie-Čs.str.lid.,,,,,88
,Česká strana národně sociální,,,,,2
,REALISTÉ,,,,,17
,SPORTOVCI,,,,,4
,Dělnic.str.sociální spravedl.,,,,,4
,Svob.a př.dem.-T.Okamura (SPD),,,,,269
,Strana Práv Občanů,,,,,4
,2,,,,,"100,00"
,Občanská demokratická strana,,,,,126
,Řád národa - Vlastenecká unie,,,,,5
,CESTA ODPOVĚDNÉ SPOLEČNOSTI,,,,,0
,Česká str.sociálně demokrat.,,,,,61
,Radostné Česko,,,,,1
,STAROSTOVÉ A NEZÁVISLÍ,,,,,25
,Komunistická str.Čech a Moravy,,,,,55
,Strana zelených,,,,,10
,"ROZUMNÍ-stop migraci,diktát.EU",,,,,3
,Strana svobodných občanů,,,,,15
,Blok proti islam.-Obran.domova,,,,,0
,Občanská demokratická aliance,,,,,0
,Česká pirátská strana,,,,,102
,Unie H.A.V.E.L.,,,,,1
,Referendum o Evropské unii,,,,,1
,TOP 09,,,,,45
,ANO 2011,,,,,232
,Dobrá volba 2016,,,,,0
,SPR-Republ.str.Čsl. M.Sládka,,,,,1
,Křesť.demokr.unie-Čs.str.lid.,,,,,19
,Česká strana národně sociální,,,,,0
,REALISTÉ,,,,,3
,SPORTOVCI,,,,,3
,Dělnic.str.sociální spravedl.,,,,,5
,Svob.a př.dem.-T.Okamura (SPD),,,,,75
,Strana Práv Občanů,,,,,2
,1,,,,,"100,00"
,Občanská demokratická strana,,,,,26
,Řád národa - Vlastenecká unie,,,,,2
,CESTA ODPOVĚDNÉ SPOLEČNOSTI,,,,,0
,Česká str.sociálně demokrat.,,,,,12
,Radostné Česko,,,,,0
,STAROSTOVÉ A NEZÁVISLÍ,,,,,6
,Komunistická str.Čech a Moravy,,,,,18
,Strana zelených,,,,,5
,"ROZUMNÍ-stop migraci,diktát.EU",,,,,0
,Strana svobodných občanů,,,,,2
,Blok proti islam.-Obran.domova,,,,,0
,Občanská demokratická aliance,,,,,1
,Česká pirátská strana,,,,,30
,Unie H.A.V.E.L.,,,,,0
,Referendum o Evropské unii,,,,,0
,TOP 09,,,,,8
,ANO 2011,,,,,81
,Dobrá volba 2016,,,,,0
,SPR-Republ.str.Čsl. M.Sládka,,,,,0
,Křesť.demokr.unie-Čs.str.lid.,,,,,4
,Česká strana národně sociální,,,,,0
,REALISTÉ,,,,,2
,SPORTOVCI,,,,,0
,Dělnic.str.sociální spravedl.,,,,,0
,Svob.a př.dem.-T.Okamura (SPD),,,,,19
,Strana Práv Občanů,,,,,0
,1,,,,,"100,00"
,Občanská demokratická strana,,,,,82
,Řád národa - Vlastenecká unie,,,,,2
,CESTA ODPOVĚDNÉ SPOLEČNOSTI,,,,,0
,Česká str.sociálně demokrat.,,,,,52
,Radostné Česko,,,,,0
,STAROSTOVÉ A NEZÁVISLÍ,,,,,18
,Komunistická str.Čech a Moravy,,,,,133
,Strana zelených,,,,,11
,"ROZUMNÍ-stop migraci,diktát.EU",,,,,6
,Strana svobodných občanů,,,,,11
,Blok proti islam.-Obran.domova,,,,,0
,Občanská demokratická aliance,,,,,0
,Česká pirátská strana,,,,,63
,Unie H.A.V.E.L.,,,,,0
,Referendum o Evropské unii,,,,,0
,TOP 09,,,,,18
,ANO 2011,,,,,177
,Dobrá volba 2016,,,,,0
,SPR-Republ.str.Čsl. M.Sládka,,,,,0
,Křesť.demokr.unie-Čs.str.lid.,,,,,6
,Česká strana národně sociální,,,,,0
,REALISTÉ,,,,,1
,SPORTOVCI,,,,,0
,Dělnic.str.sociální spravedl.,,,,,4
,Svob.a př.dem.-T.Okamura (SPD),,,,,73
,Strana Práv Občanů,,,,,1
,1,,,,,"100,00"
,Občanská demokratická strana,,,,,21
,Řád národa - Vlastenecká unie,,,,,0
,CESTA ODPOVĚDNÉ SPOLEČNOSTI,,,,,0
,Česká str.sociálně demokrat.,,,,,13
,Radostné Česko,,,,,0
,STAROSTOVÉ A NEZÁVISLÍ,,,,,11
,Komunistická str.Čech a Moravy,,,,,26
,Strana zelených,,,,,2
,"ROZUMNÍ-stop migraci,diktát.EU",,,,,2
,Strana svobodných občanů,,,,,4
,Blok proti islam.-Obran.domova,,,,,0
,Občanská demokratická aliance,,,,,0
,Česká pirátská strana,,,,,11
,Unie H.A.V.E.L.,,,,,0
,Referendum o Evropské unii,,,,,0
,TOP 09,,,,,3
,ANO 2011,,,,,40
,Dobrá volba 2016,,,,,0
,SPR-Republ.str.Čsl. M.Sládka,,,,,0
,Křesť.demokr.unie-Čs.str.lid.,,,,,3
,Česká strana národně sociální,,,,,0
,REALISTÉ,,,,,0
,SPORTOVCI,,,,,0
,Dělnic.str.sociální spravedl.,,,,,0
,Svob.a př.dem.-T.Okamura (SPD),,,,,18
,Strana Práv Občanů,,,,,0
,1,,,,,"100,00"
,Občanská demokratická strana,,,,,139
,Řád národa - Vlastenecká unie,,,,,1
,CESTA ODPOVĚDNÉ SPOLEČNOSTI,,,,,0
,Česká str.sociálně demokrat.,,,,,62
,Radostné Česko,,,,,1
,STAROSTOVÉ A NEZÁVISLÍ,,,,,42
,Komunistická str.Čech a Moravy,,,,,54
,Strana zelených,,,,,15
,"ROZUMNÍ-stop migraci,diktát.EU",,,,,7
,Strana svobodných občanů,,,,,19
,Blok proti islam.-Obran.domova,,,,,2
,Občanská demokratická aliance,,,,,1
,Česká pirátská strana,,,,,119
,Unie H.A.V.E.L.,,,,,0
,Referendum o Evropské unii,,,,,0
,TOP 09,,,,,74
,ANO 2011,,,,,219
,Dobrá volba 2016,,,,,2
,SPR-Republ.str.Čsl. M.Sládka,,,,,1
,Křesť.demokr.unie-Čs.str.lid.,,,,,21
,Česká strana národně sociální,,,,,0
,REALISTÉ,,,,,5
,SPORTOVCI,,,,,3
,Dělnic.str.sociální spravedl.,,,,,2
,Svob.a př.dem.-T.Okamura (SPD),,,,,78
,Strana Práv Občanů,,,,,1
,1,,,,,"100,00"
,Občanská demokratická strana,,,,,58
,Řád národa - Vlastenecká unie,,,,,0
,CESTA ODPOVĚDNÉ SPOLEČNOSTI,,,,,2
,Česká str.sociálně demokrat.,,,,,21
,Radostné Česko,,,,,0
,STAROSTOVÉ A NEZÁVISLÍ,,,,,11
,Komunistická str.Čech a Moravy,,,,,32
,Strana zelených,,,,,5
,"ROZUMNÍ-stop migraci,diktát.EU",,,,,1
,Strana svobodných občanů,,,,,6
,Blok proti islam.-Obran.domova,,,,,2
,Občanská demokratická aliance,,,,,0
,Česká pirátská strana,,,,,26
,Unie H.A.V.E.L.,,,,,0
,Referendum o Evropské unii,,,,,0
,TOP 09,,,,,10
,ANO 2011,,,,,87
,Dobrá volba 2016,,,,,0
,SPR-Republ.str.Čsl. M.Sládka,,,,,0
,Křesť.demokr.unie-Čs.str.lid.,,,,,1
,Česká strana národně sociální,,,,,0
,REALISTÉ,,,,,3
,SPORTOVCI,,,,,0
,Dělnic.str.sociální spravedl.,,,,,1
,Svob.a př.dem.-T.Okamura (SPD),,,,,27
,Strana Práv Občanů,,,,,1
,1,,,,,"100,00"
,Občanská demokratická strana,,,,,17
,Řád národa - Vlastenecká unie,,,,,1
,CESTA ODPOVĚDNÉ SPOLEČNOSTI,,,,,0
,Česká str.sociálně demokrat.,,,,,10
,Radostné Česko,,,,,0
,STAROSTOVÉ A NEZÁVISLÍ,,,,,4
,Komunistická str.Čech a Moravy,,,,,13
,Strana zelených,,,,,0
,"ROZUMNÍ-stop migraci,diktát.EU",,,,,4
,Strana svobodných občanů,,,,,1
,Blok proti islam.-Obran.domova,,,,,0
,Občanská demokratická aliance,,,,,0
,Česká pirátská strana,,,,,13
,Unie H.A.V.E.L.,,,,,0
,Referendum o Evropské unii,,,,,0
,TOP 09,,,,,11
,ANO 2011,,,,,26
,Dobrá volba 2016,,,,,0
,SPR-Republ.str.Čsl. M.Sládka,,,,,0
,Křesť.demokr.unie-Čs.str.lid.,,,,,7
,Česká strana národně sociální,,,,,0
,REALISTÉ,,,,,0
,SPORTOVCI,,,,,0
,Dělnic.str.sociální spravedl.,,,,,1
,Svob.a př.dem.-T.Okamura (SPD),,,,,7
,Strana Práv Občanů,,,,,0
,1,,,,,"100,00"
,Občanská demokratická strana,,,,,57
,Řád národa - Vlastenecká unie,,,,,1
,CESTA ODPOVĚDNÉ SPOLEČNOSTI,,,,,0
,Česká str.sociálně demokrat.,,,,,37
,Radostné Česko,,,,,0
,STAROSTOVÉ A NEZÁVISLÍ,,,,,19
,Komunistická str.Čech a Moravy,,,,,23
,Strana zelených,,,,,8
,"ROZUMNÍ-stop migraci,diktát.EU",,,,,4
,Strana svobodných občanů,,,,,2
,Blok proti islam.-Obran.domova,,,,,0
,Občanská demokratická aliance,,,,,0
,Česká pirátská strana,,,,,52
,Unie H.A.V.E.L.,,,,,0
,Referendum o Evropské unii,,,,,0
,TOP 09,,,,,8
,ANO 2011,,,,,97
,Dobrá volba 2016,,,,,0
,SPR-Republ.str.Čsl. M.Sládka,,,,,1
,Křesť.demokr.unie-Čs.str.lid.,,,,,4
,Česká strana národně sociální,,,,,0
,REALISTÉ,,,,,3
,SPORTOVCI,,,,,1
,Dělnic.str.sociální spravedl.,,,,,1
,Svob.a př.dem.-T.Okamura (SPD),,,,,18
,Strana Práv Občanů,,,,,1
,1,,,,,"100,00"
,Občanská demokratická strana,,,,,86
,Řád národa - Vlastenecká unie,,,,,2
,CESTA ODPOVĚDNÉ SPOLEČNOSTI,,,,,2
,Česká str.sociálně demokrat.,,,,,20
,Radostné Česko,,,,,0
,STAROSTOVÉ A NEZÁVISLÍ,,,,,34
,Komunistická str.Čech a Moravy,,,,,29
,Strana zelených,,,,,8
,"ROZUMNÍ-stop migraci,diktát.EU",,,,,4
,Strana svobodných občanů,,,,,15
,Blok proti islam.-Obran.domova,,,,,2
,Občanská demokratická aliance,,,,,2
,Česká pirátská strana,,,,,83
,Unie H.A.V.E.L.,,,,,1
,Referendum o Evropské unii,,,,,1
,TOP 09,,,,,47
,ANO 2011,,,,,118
,Dobrá volba 2016,,,,,0
,SPR-Republ.str.Čsl. M.Sládka,,,,,0
,Křesť.demokr.unie-Čs.str.lid.,,,,,9
,Česká strana národně sociální,,,,,1
,REALISTÉ,,,,,4
,SPORTOVCI,,,,,1
,Dělnic.str.sociální spravedl.,,,,,0
,Svob.a př.dem.-T.Okamura (SPD),,,,,38
,Strana Práv Občanů,,,,,1
,1,,,,,"100,00"
,Občanská demokratická strana,,,,,139
,Řád národa - Vlastenecká unie,,,,,2
,CESTA ODPOVĚDNÉ SPOLEČNOSTI,,,,,0
,Česká str.sociálně demokrat.,,,,,65
,Radostné Česko,,,,,0
,STAROSTOVÉ A NEZÁVISLÍ,,,,,29
,Komunistická str.Čech a Moravy,,,,,77
,Strana zelených,,,,,14
,"ROZUMNÍ-stop migraci,diktát.EU",,,,,5
,Strana svobodných občanů,,,,,21
,Blok proti islam.-Obran.domova,,,,,0
,Občanská demokratická aliance,,,,,3
,Česká pirátská strana,,,,,121
,Unie H.A.V.E.L.,,,,,0
,Referendum o Evropské unii,,,,,0
,TOP 09,,,,,47
,ANO 2011,,,,,284
,Dobrá volba 2016,,,,,1
,SPR-Republ.str.Čsl. M.Sládka,,,,,2
,Křesť.demokr.unie-Čs.str.lid.,,,,,19
,Česká strana národně sociální,,,,,0
,REALISTÉ,,,,,2
,SPORTOVCI,,,,,0
,Dělnic.str.sociální spravedl.,,,,,2
,Svob.a př.dem.-T.Okamura (SPD),,,,,81
,Strana Práv Občanů,,,,,0
,1,,,,,"100,00"
,Občanská demokratická strana,,,,,11
,Řád národa - Vlastenecká unie,,,,,0
,CESTA ODPOVĚDNÉ SPOLEČNOSTI,,,,,2
,Česká str.sociálně demokrat.,,,,,4
,Radostné Česko,,,,,0
,STAROSTOVÉ A NEZÁVISLÍ,,,,,1
,Komunistická str.Čech a Moravy,,,,,10
,Strana zelených,,,,,2
,"ROZUMNÍ-stop migraci,diktát.EU",,,,,1
,Strana svobodných občanů,,,,,1
,Blok proti islam.-Obran.domova,,,,,0
,Občanská demokratická aliance,,,,,0
,Česká pirátská strana,,,,,4
,Unie H.A.V.E.L.,,,,,0
,Referendum o Evropské unii,,,,,0
,TOP 09,,,,,2
,ANO 2011,,,,,42
,Dobrá volba 2016,,,,,0
,SPR-Republ.str.Čsl. M.Sládka,,,,,0
,Křesť.demokr.unie-Čs.str.lid.,,,,,1
,Česká strana národně sociální,,,,,0
,REALISTÉ,,,,,1
,SPORTOVCI,,,,,0
,Dělnic.str.sociální spravedl.,,,,,0
,Svob.a př.dem.-T.Okamura (SPD),,,,,10
,Strana Práv Občanů,,,,,0
,1,,,,,"100,00"
,Občanská demokratická strana,,,,,85
,Řád národa - Vlastenecká unie,,,,,3
,CESTA ODPOVĚDNÉ SPOLEČNOSTI,,,,,0
,Česká str.sociálně demokrat.,,,,,27
,Radostné Česko,,,,,0
,STAROSTOVÉ A NEZÁVISLÍ,,,,,19
,Komunistická str.Čech a Moravy,,,,,36
,Strana zelených,,,,,4
,"ROZUMNÍ-stop migraci,diktát.EU",,,,,1
,Strana svobodných občanů,,,,,11
,Blok proti islam.-Obran.domova,,,,,0
,Občanská demokratická aliance,,,,,1
,Česká pirátská strana,,,,,73
,Unie H.A.V.E.L.,,,,,0
,Referendum o Evropské unii,,,,,0
,TOP 09,,,,,25
,ANO 2011,,,,,104
,Dobrá volba 2016,,,,,1
,SPR-Republ.str.Čsl. M.Sládka,,,,,0
,Křesť.demokr.unie-Čs.str.lid.,,,,,22
,Česká strana národně sociální,,,,,0
,REALISTÉ,,,,,3
,SPORTOVCI,,,,,0
,Dělnic.str.sociální spravedl.,,,,,0
,Svob.a př.dem.-T.Okamura (SPD),,,,,30
,Strana Práv Občanů,,,,,1
,2,,,,,"100,00"
,Občanská demokratická strana,,,,,175
,Řád národa - Vlastenecká unie,,,,,0
,CESTA ODPOVĚDNÉ SPOLEČNOSTI,,,,,0
,Česká str.sociálně demokrat.,,,,,90
,Radostné Česko,,,,,1
,STAROSTOVÉ A NEZÁVISLÍ,,,,,43
,Komunistická str.Čech a Moravy,,,,,131
,Strana zelených,,,,,9
,"ROZUMNÍ-stop migraci,diktát.EU",,,,,8
,Strana svobodných občanů,,,,,11
,Blok proti islam.-Obran.domova,,,,,0
,Občanská demokratická aliance,,,,,2
,Česká pirátská strana,,,,,93
,Unie H.A.V.E.L.,,,,,0
,Referendum o Evropské unii,,,,,0
,TOP 09,,,,,35
,ANO 2011,,,,,430
,Dobrá volba 2016,,,,,0
,SPR-Republ.str.Čsl. M.Sládka,,,,,3
,Křesť.demokr.unie-Čs.str.lid.,,,,,26
,Česká strana národně sociální,,,,,0
,REALISTÉ,,,,,11
,SPORTOVCI,,,,,2
,Dělnic.str.sociální spravedl.,,,,,2
,Svob.a př.dem.-T.Okamura (SPD),,,,,101
,Strana Práv Občanů,,,,,8
,1,,,,,"100,00"
,Občanská demokratická strana,,,,,27
,Řád národa - Vlastenecká unie,,,,,0
,CESTA ODPOVĚDNÉ SPOLEČNOSTI,,,,,1
,Česká str.sociálně demokrat.,,,,,5
,Radostné Česko,,,,,0
,STAROSTOVÉ A NEZÁVISLÍ,,,,,12
,Komunistická str.Čech a Moravy,,,,,11
,Strana zelených,,,,,3
,"ROZUMNÍ-stop migraci,diktát.EU",,,,,0
,Strana svobodných občanů,,,,,0
,Blok proti islam.-Obran.domova,,,,,0
,Občanská demokratická aliance,,,,,0
,Česká pirátská strana,,,,,8
,Unie H.A.V.E.L.,,,,,1
,Referendum o Evropské unii,,,,,0
,TOP 09,,,,,12
,ANO 2011,,,,,27
,Dobrá volba 2016,,,,,0
,SPR-Republ.str.Čsl. M.Sládka,,,,,0
,Křesť.demokr.unie-Čs.str.lid.,,,,,2
,Česká strana národně sociální,,,,,0
,REALISTÉ,,,,,0
,SPORTOVCI,,,,,0
,Dělnic.str.sociální spravedl.,,,,,0
,Svob.a př.dem.-T.Okamura (SPD),,,,,18
,Strana Práv Občanů,,,,,0
,1,,,,,"100,00"
,Občanská demokratická strana,,,,,11
,Řád národa - Vlastenecká unie,,,,,0
,CESTA ODPOVĚDNÉ SPOLEČNOSTI,,,,,0
,Česká str.sociálně demokrat.,,,,,11
,Radostné Česko,,,,,0
,STAROSTOVÉ A NEZÁVISLÍ,,,,,4
,Komunistická str.Čech a Moravy,,,,,7
,Strana zelených,,,,,1
,"ROZUMNÍ-stop migraci,diktát.EU",,,,,0
,Strana svobodných občanů,,,,,0
,Blok proti islam.-Obran.domova,,,,,0
,Občanská demokratická aliance,,,,,0
,Česká pirátská strana,,,,,9
,Unie H.A.V.E.L.,,,,,0
,Referendum o Evropské unii,,,,,0
,TOP 09,,,,,4
,ANO 2011,,,,,9
,Dobrá volba 2016,,,,,0
,SPR-Republ.str.Čsl. M.Sládka,,,,,0
,Křesť.demokr.unie-Čs.str.lid.,,,,,6
,Česká strana národně sociální,,,,,0
,REALISTÉ,,,,,0
,SPORTOVCI,,,,,0
,Dělnic.str.sociální spravedl.,,,,,0
,Svob.a př.dem.-T.Okamura (SPD),,,,,7
,Strana Práv Občanů,,,,,0
,1,,,,,"100,00"
,Občanská demokratická strana,,,,,8
,Řád národa - Vlastenecká unie,,,,,0
,CESTA ODPOVĚDNÉ SPOLEČNOSTI,,,,,0
,Česká str.sociálně demokrat.,,,,,9
,Radostné Česko,,,,,0
,STAROSTOVÉ A NEZÁVISLÍ,,,,,5
,Komunistická str.Čech a Moravy,,,,,8
,Strana zelených,,,,,2
,"ROZUMNÍ-stop migraci,diktát.EU",,,,,1
,Strana svobodných občanů,,,,,1
,Blok proti islam.-Obran.domova,,,,,0
,Občanská demokratická aliance,,,,,0
,Česká pirátská strana,,,,,10
,Unie H.A.V.E.L.,,,,,0
,Referendum o Evropské unii,,,,,0
,TOP 09,,,,,10
,ANO 2011,,,,,44
,Dobrá volba 2016,,,,,1
,SPR-Republ.str.Čsl. M.Sládka,,,,,2
,Křesť.demokr.unie-Čs.str.lid.,,,,,6
,Česká strana národně sociální,,,,,0
,REALISTÉ,,,,,3
,SPORTOVCI,,,,,1
,Dělnic.str.sociální spravedl.,,,,,0
,Svob.a př.dem.-T.Okamura (SPD),,,,,21
,Strana Práv Občanů,,,,,1
,8,,,,,"100,00"
,Občanská demokratická strana,,,,,668
,Řád národa - Vlastenecká unie,,,,,6
,CESTA ODPOVĚDNÉ SPOLEČNOSTI,,,,,1
,Česká str.sociálně demokrat.,,,,,230
,Radostné Česko,,,,,1
,STAROSTOVÉ A NEZÁVISLÍ,,,,,209
,Komunistická str.Čech a Moravy,,,,,242
,Strana zelených,,,,,36
,"ROZUMNÍ-stop migraci,diktát.EU",,,,,18
,Strana svobodných občanů,,,,,101
,Blok proti islam.-Obran.domova,,,,,1
,Občanská demokratická aliance,,,,,12
,Česká pirátská strana,,,,,473
,Unie H.A.V.E.L.,,,,,0
,Referendum o Evropské unii,,,,,0
,TOP 09,,,,,222
,ANO 2011,,,,,910
,Dobrá volba 2016,,,,,0
,SPR-Republ.str.Čsl. M.Sládka,,,,,12
,Křesť.demokr.unie-Čs.str.lid.,,,,,87
,Česká strana národně sociální,,,,,0
,REALISTÉ,,,,,22
,SPORTOVCI,,,,,5
,Dělnic.str.sociální spravedl.,,,,,11
,Svob.a př.dem.-T.Okamura (SPD),,,,,328
,Strana Práv Občanů,,,,,10
,1,,,,,"100,00"
,Občanská demokratická strana,,,,,53
,Řád národa - Vlastenecká unie,,,,,2
,CESTA ODPOVĚDNÉ SPOLEČNOSTI,,,,,0
,Česká str.sociálně demokrat.,,,,,23
,Radostné Česko,,,,,2
,STAROSTOVÉ A NEZÁVISLÍ,,,,,13
,Komunistická str.Čech a Moravy,,,,,36
,Strana zelených,,,,,4
,"ROZUMNÍ-stop migraci,diktát.EU",,,,,3
,Strana svobodných občanů,,,,,6
,Blok proti islam.-Obran.domova,,,,,0
,Občanská demokratická aliance,,,,,0
,Česká pirátská strana,,,,,34
,Unie H.A.V.E.L.,,,,,0
,Referendum o Evropské unii,,,,,0
,TOP 09,,,,,15
,ANO 2011,,,,,105
,Dobrá volba 2016,,,,,1
,SPR-Republ.str.Čsl. M.Sládka,,,,,0
,Křesť.demokr.unie-Čs.str.lid.,,,,,7
,Česká strana národně sociální,,,,,0
,REALISTÉ,,,,,0
,SPORTOVCI,,,,,3
,Dělnic.str.sociální spravedl.,,,,,0
,Svob.a př.dem.-T.Okamura (SPD),,,,,38
,Strana Práv Občanů,,,,,1
,1,,,,,"100,00"
,Občanská demokratická strana,,,,,9
,Řád národa - Vlastenecká unie,,,,,0
,CESTA ODPOVĚDNÉ SPOLEČNOSTI,,,,,0
,Česká str.sociálně demokrat.,,,,,2
,Radostné Česko,,,,,0
,STAROSTOVÉ A NEZÁVISLÍ,,,,,5
,Komunistická str.Čech a Moravy,,,,,6
,Strana zelených,,,,,1
,"ROZUMNÍ-stop migraci,diktát.EU",,,,,0
,Strana svobodných občanů,,,,,1
,Blok proti islam.-Obran.domova,,,,,1
,Občanská demokratická aliance,,,,,0
,Česká pirátská strana,,,,,9
,Unie H.A.V.E.L.,,,,,0
,Referendum o Evropské unii,,,,,0
,TOP 09,,,,,3
,ANO 2011,,,,,13
,Dobrá volba 2016,,,,,0
,SPR-Republ.str.Čsl. M.Sládka,,,,,0
,Křesť.demokr.unie-Čs.str.lid.,,,,,0
,Česká strana národně sociální,,,,,0
,REALISTÉ,,,,,0
,SPORTOVCI,,,,,0
,Dělnic.str.sociální spravedl.,,,,,1
,Svob.a př.dem.-T.Okamura (SPD),,,,,0
,Strana Práv Občanů,,,,,0
,1,,,,,"100,00"
,Občanská demokratická strana,,,,,23
,Řád národa - Vlastenecká unie,,,,,0
,CESTA ODPOVĚDNÉ SPOLEČNOSTI,,,,,0
,Česká str.sociálně demokrat.,,,,,10
,Radostné Česko,,,,,1
,STAROSTOVÉ A NEZÁVISLÍ,,,,,7
,Komunistická str.Čech a Moravy,,,,,13
,Strana zelených,,,,,2
,"ROZUMNÍ-stop migraci,diktát.EU",,,,,2
,Strana svobodných občanů,,,,,0
,Blok proti islam.-Obran.domova,,,,,0
,Občanská demokratická aliance,,,,,0
,Česká pirátská strana,,,,,16
,Unie H.A.V.E.L.,,,,,0
,Referendum o Evropské unii,,,,,1
,TOP 09,,,,,6
,ANO 2011,,,,,67
,Dobrá volba 2016,,,,,1
,SPR-Republ.str.Čsl. M.Sládka,,,,,0
,Křesť.demokr.unie-Čs.str.lid.,,,,,3
,Česká strana národně sociální,,,,,0
,REALISTÉ,,,,,0
,SPORTOVCI,,,,,1
,Dělnic.str.sociální spravedl.,,,,,0
,Svob.a př.dem.-T.Okamura (SPD),,,,,9
,Strana Práv Občanů,,,,,2
,1,,,,,"100,00"
,Občanská demokratická strana,,,,,38
,Řád národa - Vlastenecká unie,,,,,0
,CESTA ODPOVĚDNÉ SPOLEČNOSTI,,,,,0
,Česká str.sociálně demokrat.,,,,,5
,Radostné Česko,,,,,1
,STAROSTOVÉ A NEZÁVISLÍ,,,,,6
,Komunistická str.Čech a Moravy,,,,,29
,Strana zelených,,,,,4
,"ROZUMNÍ-stop migraci,diktát.EU",,,,,5
,Strana svobodných občanů,,,,,1
,Blok proti islam.-Obran.domova,,,,,0
,Občanská demokratická aliance,,,,,2
,Česká pirátská strana,,,,,43
,Unie H.A.V.E.L.,,,,,0
,Referendum o Evropské unii,,,,,0
,TOP 09,,,,,13
,ANO 2011,,,,,93
,Dobrá volba 2016,,,,,0
,SPR-Republ.str.Čsl. M.Sládka,,,,,0
,Křesť.demokr.unie-Čs.str.lid.,,,,,2
,Česká strana národně sociální,,,,,0
,REALISTÉ,,,,,1
,SPORTOVCI,,,,,0
,Dělnic.str.sociální spravedl.,,,,,1
,Svob.a př.dem.-T.Okamura (SPD),,,,,20
,Strana Práv Občanů,,,,,2
,2,,,,,"100,00"
,Občanská demokratická strana,,,,,43
,Řád národa - Vlastenecká unie,,,,,0
,CESTA ODPOVĚDNÉ SPOLEČNOSTI,,,,,0
,Česká str.sociálně demokrat.,,,,,37
,Radostné Česko,,,,,1
,STAROSTOVÉ A NEZÁVISLÍ,,,,,21
,Komunistická str.Čech a Moravy,,,,,28
,Strana zelených,,,,,5
,"ROZUMNÍ-stop migraci,diktát.EU",,,,,4
,Strana svobodných občanů,,,,,19
,Blok proti islam.-Obran.domova,,,,,0
,Občanská demokratická aliance,,,,,0
,Česká pirátská strana,,,,,62
,Unie H.A.V.E.L.,,,,,1
,Referendum o Evropské unii,,,,,0
,TOP 09,,,,,53
,ANO 2011,,,,,149
,Dobrá volba 2016,,,,,0
,SPR-Republ.str.Čsl. M.Sládka,,,,,4
,Křesť.demokr.unie-Čs.str.lid.,,,,,17
,Česká strana národně sociální,,,,,0
,REALISTÉ,,,,,4
,SPORTOVCI,,,,,0
,Dělnic.str.sociální spravedl.,,,,,3
,Svob.a př.dem.-T.Okamura (SPD),,,,,59
,Strana Práv Občanů,,,,,3
,1,,,,,"100,00"
,Občanská demokratická strana,,,,,121
,Řád národa - Vlastenecká unie,,,,,6
,CESTA ODPOVĚDNÉ SPOLEČNOSTI,,,,,2
,Česká str.sociálně demokrat.,,,,,43
,Radostné Česko,,,,,1
,STAROSTOVÉ A NEZÁVISLÍ,,,,,49
,Komunistická str.Čech a Moravy,,,,,49
,Strana zelených,,,,,16
,"ROZUMNÍ-stop migraci,diktát.EU",,,,,7
,Strana svobodných občanů,,,,,15
,Blok proti islam.-Obran.domova,,,,,2
,Občanská demokratická aliance,,,,,1
,Česká pirátská strana,,,,,122
,Unie H.A.V.E.L.,,,,,1
,Referendum o Evropské unii,,,,,0
,TOP 09,,,,,60
,ANO 2011,,,,,249
,Dobrá volba 2016,,,,,1
,SPR-Republ.str.Čsl. M.Sládka,,,,,0
,Křesť.demokr.unie-Čs.str.lid.,,,,,42
,Česká strana národně sociální,,,,,2
,REALISTÉ,,,,,1
,SPORTOVCI,,,,,3
,Dělnic.str.sociální spravedl.,,,,,1
,Svob.a př.dem.-T.Okamura (SPD),,,,,67
,Strana Práv Občanů,,,,,0
,1,,,,,"100,00"
,Občanská demokratická strana,,,,,52
,Řád národa - Vlastenecká unie,,,,,0
,CESTA ODPOVĚDNÉ SPOLEČNOSTI,,,,,0
,Česká str.sociálně demokrat.,,,,,33
,Radostné Česko,,,,,0
,STAROSTOVÉ A NEZÁVISLÍ,,,,,21
,Komunistická str.Čech a Moravy,,,,,58
,Strana zelených,,,,,6
,"ROZUMNÍ-stop migraci,diktát.EU",,,,,3
,Strana svobodných občanů,,,,,11
,Blok proti islam.-Obran.domova,,,,,0
,Občanská demokratická aliance,,,,,1
,Česká pirátská strana,,,,,73
,Unie H.A.V.E.L.,,,,,0
,Referendum o Evropské unii,,,,,1
,TOP 09,,,,,11
,ANO 2011,,,,,190
,Dobrá volba 2016,,,,,0
,SPR-Republ.str.Čsl. M.Sládka,,,,,0
,Křesť.demokr.unie-Čs.str.lid.,,,,,15
,Česká strana národně sociální,,,,,0
,REALISTÉ,,,,,1
,SPORTOVCI,,,,,0
,Dělnic.str.sociální spravedl.,,,,,2
,Svob.a př.dem.-T.Okamura (SPD),,,,,62
,Strana Práv Občanů,,,,,1
,1,,,,,"100,00"
,Občanská demokratická strana,,,,,3
,Řád národa - Vlastenecká unie,,,,,0
,CESTA ODPOVĚDNÉ SPOLEČNOSTI,,,,,0
,Česká str.sociálně demokrat.,,,,,7
,Radostné Česko,,,,,0
,STAROSTOVÉ A NEZÁVISLÍ,,,,,5
,Komunistická str.Čech a Moravy,,,,,4
,Strana zelených,,,,,1
,"ROZUMNÍ-stop migraci,diktát.EU",,,,,0
,Strana svobodných občanů,,,,,0
,Blok proti islam.-Obran.domova,,,,,0
,Občanská demokratická aliance,,,,,0
,Česká pirátská strana,,,,,7
,Unie H.A.V.E.L.,,,,,0
,Referendum o Evropské unii,,,,,0
,TOP 09,,,,,3
,ANO 2011,,,,,14
,Dobrá volba 2016,,,,,0
,SPR-Republ.str.Čsl. M.Sládka,,,,,0
,Křesť.demokr.unie-Čs.str.lid.,,,,,1
,Česká strana národně sociální,,,,,0
,REALISTÉ,,,,,0
,SPORTOVCI,,,,,0
,Dělnic.str.sociální spravedl.,,,,,0
,Svob.a př.dem.-T.Okamura (SPD),,,,,10
,Strana Práv Občanů,,,,,1
,1,,,,,"100,00"
,Občanská demokratická strana,,,,,10
,Řád národa - Vlastenecká unie,,,,,0
,CESTA ODPOVĚDNÉ SPOLEČNOSTI,,,,,0
,Česká str.sociálně demokrat.,,,,,3
,Radostné Česko,,,,,0
,STAROSTOVÉ A NEZÁVISLÍ,,,,,1
,Komunistická str.Čech a Moravy,,,,,8
,Strana zelených,,,,,0
,"ROZUMNÍ-stop migraci,diktát.EU",,,,,1
,Strana svobodných občanů,,,,,2
,Blok proti islam.-Obran.domova,,,,,0
,Občanská demokratická aliance,,,,,0
,Česká pirátská strana,,,,,4
,Unie H.A.V.E.L.,,,,,0
,Referendum o Evropské unii,,,,,0
,TOP 09,,,,,0
,ANO 2011,,,,,17
,Dobrá volba 2016,,,,,0
,SPR-Republ.str.Čsl. M.Sládka,,,,,0
,Křesť.demokr.unie-Čs.str.lid.,,,,,0
,Česká strana národně sociální,,,,,0
,REALISTÉ,,,,,0
,SPORTOVCI,,,,,0
,Dělnic.str.sociální spravedl.,,,,,0
,Svob.a př.dem.-T.Okamura (SPD),,,,,11
,Strana Práv Občanů,,,,,1
,1,,,,,"100,00"
,Občanská demokratická strana,,,,,5
,Řád národa - Vlastenecká unie,,,,,0
,CESTA ODPOVĚDNÉ SPOLEČNOSTI,,,,,0
,Česká str.sociálně demokrat.,,,,,4
,Radostné Česko,,,,,0
,STAROSTOVÉ A NEZÁVISLÍ,,,,,1
,Komunistická str.Čech a Moravy,,,,,6
,Strana zelených,,,,,5
,"ROZUMNÍ-stop migraci,diktát.EU",,,,,0
,Strana svobodných občanů,,,,,0
,Blok proti islam.-Obran.domova,,,,,0
,Občanská demokratická aliance,,,,,0
,Česká pirátská strana,,,,,13
,Unie H.A.V.E.L.,,,,,0
,Referendum o Evropské unii,,,,,0
,TOP 09,,,,,12
,ANO 2011,,,,,15
,Dobrá volba 2016,,,,,0
,SPR-Republ.str.Čsl. M.Sládka,,,,,0
,Křesť.demokr.unie-Čs.str.lid.,,,,,2
,Česká strana národně sociální,,,,,0
,REALISTÉ,,,,,0
,SPORTOVCI,,,,,0
,Dělnic.str.sociální spravedl.,,,,,0
,Svob.a př.dem.-T.Okamura (SPD),,,,,12
,Strana Práv Občanů,,,,,1
,1,,,,,"100,00"
,Občanská demokratická strana,,,,,16
,Řád národa - Vlastenecká unie,,,,,0
,CESTA ODPOVĚDNÉ SPOLEČNOSTI,,,,,0
,Česká str.sociálně demokrat.,,,,,9
,Radostné Česko,,,,,0
,STAROSTOVÉ A NEZÁVISLÍ,,,,,7
,Komunistická str.Čech a Moravy,,,,,16
,Strana zelených,,,,,2
,"ROZUMNÍ-stop migraci,diktát.EU",,,,,1
,Strana svobodných občanů,,,,,2
,Blok proti islam.-Obran.domova,,,,,0
,Občanská demokratická aliance,,,,,0
,Česká pirátská strana,,,,,16
,Unie H.A.V.E.L.,,,,,0
,Referendum o Evropské unii,,,,,0
,TOP 09,,,,,6
,ANO 2011,,,,,37
,Dobrá volba 2016,,,,,0
,SPR-Republ.str.Čsl. M.Sládka,,,,,1
,Křesť.demokr.unie-Čs.str.lid.,,,,,1
,Česká strana národně sociální,,,,,0
,REALISTÉ,,,,,0
,SPORTOVCI,,,,,0
,Dělnic.str.sociální spravedl.,,,,,0
,Svob.a př.dem.-T.Okamura (SPD),,,,,18
,Strana Práv Občanů,,,,,0
,1,,,,,"100,00"
,Občanská demokratická strana,,,,,57
,Řád národa - Vlastenecká unie,,,,,2
,CESTA ODPOVĚDNÉ SPOLEČNOSTI,,,,,2
,Česká str.sociálně demokrat.,,,,,7
,Radostné Česko,,,,,0
,STAROSTOVÉ A NEZÁVISLÍ,,,,,25
,Komunistická str.Čech a Moravy,,,,,9
,Strana zelených,,,,,4
,"ROZUMNÍ-stop migraci,diktát.EU",,,,,3
,Strana svobodných občanů,,,,,2
,Blok proti islam.-Obran.domova,,,,,1
,Občanská demokratická aliance,,,,,0
,Česká pirátská strana,,,,,42
,Unie H.A.V.E.L.,,,,,0
,Referendum o Evropské unii,,,,,0
,TOP 09,,,,,27
,ANO 2011,,,,,88
,Dobrá volba 2016,,,,,0
,SPR-Republ.str.Čsl. M.Sládka,,,,,0
,Křesť.demokr.unie-Čs.str.lid.,,,,,16
,Česká strana národně sociální,,,,,0
,REALISTÉ,,,,,1
,SPORTOVCI,,,,,1
,Dělnic.str.sociální spravedl.,,,,,0
,Svob.a př.dem.-T.Okamura (SPD),,,,,39
,Strana Práv Občanů,,,,,1
,2,,,,,"100,00"
,Občanská demokratická strana,,,,,84
,Řád národa - Vlastenecká unie,,,,,1
,CESTA ODPOVĚDNÉ SPOLEČNOSTI,,,,,0
,Česká str.sociálně demokrat.,,,,,28
,Radostné Česko,,,,,0
,STAROSTOVÉ A NEZÁVISLÍ,,,,,25
,Komunistická str.Čech a Moravy,,,,,27
,Strana zelených,,,,,1
,"ROZUMNÍ-stop migraci,diktát.EU",,,,,2
,Strana svobodných občanů,,,,,10
,Blok proti islam.-Obran.domova,,,,,1
,Občanská demokratická aliance,,,,,1
,Česká pirátská strana,,,,,48
,Unie H.A.V.E.L.,,,,,0
,Referendum o Evropské unii,,,,,0
,TOP 09,,,,,31
,ANO 2011,,,,,91
,Dobrá volba 2016,,,,,0
,SPR-Republ.str.Čsl. M.Sládka,,,,,3
,Křesť.demokr.unie-Čs.str.lid.,,,,,17
,Česká strana národně sociální,,,,,0
,REALISTÉ,,,,,0
,SPORTOVCI,,,,,1
,Dělnic.str.sociální spravedl.,,,,,0
,Svob.a př.dem.-T.Okamura (SPD),,,,,39
,Strana Práv Občanů,,,,,0
,1,,,,,"100,00"
,Občanská demokratická strana,,,,,16
,Řád národa - Vlastenecká unie,,,,,0
,CESTA ODPOVĚDNÉ SPOLEČNOSTI,,,,,0
,Česká str.sociálně demokrat.,,,,,4
,Radostné Česko,,,,,0
,STAROSTOVÉ A NEZÁVISLÍ,,,,,6
,Komunistická str.Čech a Moravy,,,,,1
,Strana zelených,,,,,1
,"ROZUMNÍ-stop migraci,diktát.EU",,,,,1
,Strana svobodných občanů,,,,,8
,Blok proti islam.-Obran.domova,,,,,0
,Občanská demokratická aliance,,,,,0
,Česká pirátská strana,,,,,10
,Unie H.A.V.E.L.,,,,,0
,Referendum o Evropské unii,,,,,0
,TOP 09,,,,,6
,ANO 2011,,,,,28
,Dobrá volba 2016,,,,,0
,SPR-Republ.str.Čsl. M.Sládka,,,,,0
,Křesť.demokr.unie-Čs.str.lid.,,,,,0
,Česká strana národně sociální,,,,,0
,REALISTÉ,,,,,0
,SPORTOVCI,,,,,0
,Dělnic.str.sociální spravedl.,,,,,0
,Svob.a př.dem.-T.Okamura (SPD),,,,,11
,Strana Práv Občanů,,,,,1
,1,,,,,"100,00"
,Občanská demokratická strana,,,,,12
,Řád národa - Vlastenecká unie,,,,,0
,CESTA ODPOVĚDNÉ SPOLEČNOSTI,,,,,0
,Česká str.sociálně demokrat.,,,,,4
,Radostné Česko,,,,,0
,STAROSTOVÉ A NEZÁVISLÍ,,,,,7
,Komunistická str.Čech a Moravy,,,,,14
,Strana zelených,,,,,2
,"ROZUMNÍ-stop migraci,diktát.EU",,,,,4
,Strana svobodných občanů,,,,,4
,Blok proti islam.-Obran.domova,,,,,0
,Občanská demokratická aliance,,,,,0
,Česká pirátská strana,,,,,16
,Unie H.A.V.E.L.,,,,,0
,Referendum o Evropské unii,,,,,1
,TOP 09,,,,,9
,ANO 2011,,,,,54
,Dobrá volba 2016,,,,,0
,SPR-Republ.str.Čsl. M.Sládka,,,,,1
,Křesť.demokr.unie-Čs.str.lid.,,,,,6
,Česká strana národně sociální,,,,,0
,REALISTÉ,,,,,0
,SPORTOVCI,,,,,0
,Dělnic.str.sociální spravedl.,,,,,0
,Svob.a př.dem.-T.Okamura (SPD),,,,,12
,Strana Práv Občanů,,,,,0
,1,,,,,"100,00"
,Občanská demokratická strana,,,,,14
,Řád národa - Vlastenecká unie,,,,,0
,CESTA ODPOVĚDNÉ SPOLEČNOSTI,,,,,0
,Česká str.sociálně demokrat.,,,,,11
,Radostné Česko,,,,,1
,STAROSTOVÉ A NEZÁVISLÍ,,,,,3
,Komunistická str.Čech a Moravy,,,,,13
,Strana zelených,,,,,1
,"ROZUMNÍ-stop migraci,diktát.EU",,,,,1
,Strana svobodných občanů,,,,,0
,Blok proti islam.-Obran.domova,,,,,0
,Občanská demokratická aliance,,,,,0
,Česká pirátská strana,,,,,11
,Unie H.A.V.E.L.,,,,,0
,Referendum o Evropské unii,,,,,0
,TOP 09,,,,,9
,ANO 2011,,,,,24
,Dobrá volba 2016,,,,,0
,SPR-Republ.str.Čsl. M.Sládka,,,,,0
,Křesť.demokr.unie-Čs.str.lid.,,,,,5
,Česká strana národně sociální,,,,,0
,REALISTÉ,,,,,0
,SPORTOVCI,,,,,2
,Dělnic.str.sociální spravedl.,,,,,0
,Svob.a př.dem.-T.Okamura (SPD),,,,,10
,Strana Práv Občanů,,,,,0
,1,,,,,"100,00"
,Občanská demokratická strana,,,,,36
,Řád národa - Vlastenecká unie,,,,,0
,CESTA ODPOVĚDNÉ SPOLEČNOSTI,,,,,0
,Česká str.sociálně demokrat.,,,,,24
,Radostné Česko,,,,,0
,STAROSTOVÉ A NEZÁVISLÍ,,,,,5
,Komunistická str.Čech a Moravy,,,,,26
,Strana zelených,,,,,1
,"ROZUMNÍ-stop migraci,diktát.EU",,,,,3
,Strana svobodných občanů,,,,,4
,Blok proti islam.-Obran.domova,,,,,0
,Občanská demokratická aliance,,,,,0
,Česká pirátská strana,,,,,21
,Unie H.A.V.E.L.,,,,,2
,Referendum o Evropské unii,,,,,0
,TOP 09,,,,,7
,ANO 2011,,,,,74
,Dobrá volba 2016,,,,,0
,SPR-Republ.str.Čsl. M.Sládka,,,,,0
,Křesť.demokr.unie-Čs.str.lid.,,,,,7
,Česká strana národně sociální,,,,,0
,REALISTÉ,,,,,2
,SPORTOVCI,,,,,0
,Dělnic.str.sociální spravedl.,,,,,0
,Svob.a př.dem.-T.Okamura (SPD),,,,,38
,Strana Práv Občanů,,,,,0
,3,,,,,"100,00"
,Občanská demokratická strana,,,,,160
,Řád národa - Vlastenecká unie,,,,,3
,CESTA ODPOVĚDNÉ SPOLEČNOSTI,,,,,1
,Česká str.sociálně demokrat.,,,,,61
,Radostné Česko,,,,,0
,STAROSTOVÉ A NEZÁVISLÍ,,,,,51
,Komunistická str.Čech a Moravy,,,,,74
,Strana zelených,,,,,26
,"ROZUMNÍ-stop migraci,diktát.EU",,,,,5
,Strana svobodných občanů,,,,,9
,Blok proti islam.-Obran.domova,,,,,1
,Občanská demokratická aliance,,,,,0
,Česká pirátská strana,,,,,158
,Unie H.A.V.E.L.,,,,,0
,Referendum o Evropské unii,,,,,4
,TOP 09,,,,,65
,ANO 2011,,,,,273
,Dobrá volba 2016,,,,,0
,SPR-Republ.str.Čsl. M.Sládka,,,,,4
,Křesť.demokr.unie-Čs.str.lid.,,,,,30
,Česká strana národně sociální,,,,,0
,REALISTÉ,,,,,5
,SPORTOVCI,,,,,1
,Dělnic.str.sociální spravedl.,,,,,2
,Svob.a př.dem.-T.Okamura (SPD),,,,,99
,Strana Práv Občanů,,,,,1
,1,,,,,"100,00"
,Občanská demokratická strana,,,,,43
,Řád národa - Vlastenecká unie,,,,,1
,CESTA ODPOVĚDNÉ SPOLEČNOSTI,,,,,1
,Česká str.sociálně demokrat.,,,,,24
,Radostné Česko,,,,,0
,STAROSTOVÉ A NEZÁVISLÍ,,,,,7
,Komunistická str.Čech a Moravy,,,,,36
,Strana zelených,,,,,6
,"ROZUMNÍ-stop migraci,diktát.EU",,,,,4
,Strana svobodných občanů,,,,,9
,Blok proti islam.-Obran.domova,,,,,0
,Občanská demokratická aliance,,,,,2
,Česká pirátská strana,,,,,33
,Unie H.A.V.E.L.,,,,,0
,Referendum o Evropské unii,,,,,0
,TOP 09,,,,,24
,ANO 2011,,,,,105
,Dobrá volba 2016,,,,,0
,SPR-Republ.str.Čsl. M.Sládka,,,,,2
,Křesť.demokr.unie-Čs.str.lid.,,,,,10
,Česká strana národně sociální,,,,,0
,REALISTÉ,,,,,3
,SPORTOVCI,,,,,0
,Dělnic.str.sociální spravedl.,,,,,1
,Svob.a př.dem.-T.Okamura (SPD),,,,,39
,Strana Práv Občanů,,,,,0
,1,,,,,"100,00"
,Občanská demokratická strana,,,,,23
,Řád národa - Vlastenecká unie,,,,,1
,CESTA ODPOVĚDNÉ SPOLEČNOSTI,,,,,1
,Česká str.sociálně demokrat.,,,,,21
,Radostné Česko,,,,,0
,STAROSTOVÉ A NEZÁVISLÍ,,,,,5
,Komunistická str.Čech a Moravy,,,,,20
,Strana zelených,,,,,1
,"ROZUMNÍ-stop migraci,diktát.EU",,,,,3
,Strana svobodných občanů,,,,,2
,Blok proti islam.-Obran.domova,,,,,0
,Občanská demokratická aliance,,,,,1
,Česká pirátská strana,,,,,24
,Unie H.A.V.E.L.,,,,,0
,Referendum o Evropské unii,,,,,1
,TOP 09,,,,,10
,ANO 2011,,,,,80
,Dobrá volba 2016,,,,,0
,SPR-Republ.str.Čsl. M.Sládka,,,,,0
,Křesť.demokr.unie-Čs.str.lid.,,,,,5
,Česká strana národně sociální,,,,,0
,REALISTÉ,,,,,0
,SPORTOVCI,,,,,0
,Dělnic.str.sociální spravedl.,,,,,3
,Svob.a př.dem.-T.Okamura (SPD),,,,,23
,Strana Práv Občanů,,,,,1
,1,,,,,"100,00"
,Občanská demokratická strana,,,,,49
,Řád národa - Vlastenecká unie,,,,,0
,CESTA ODPOVĚDNÉ SPOLEČNOSTI,,,,,0
,Česká str.sociálně demokrat.,,,,,35
,Radostné Česko,,,,,0
,STAROSTOVÉ A NEZÁVISLÍ,,,,,20
,Komunistická str.Čech a Moravy,,,,,38
,Strana zelených,,,,,4
,"ROZUMNÍ-stop migraci,diktát.EU",,,,,3
,Strana svobodných občanů,,,,,3
,Blok proti islam.-Obran.domova,,,,,1
,Občanská demokratická aliance,,,,,0
,Česká pirátská strana,,,,,52
,Unie H.A.V.E.L.,,,,,0
,Referendum o Evropské unii,,,,,1
,TOP 09,,,,,10
,ANO 2011,,,,,159
,Dobrá volba 2016,,,,,1
,SPR-Republ.str.Čsl. M.Sládka,,,,,3
,Křesť.demokr.unie-Čs.str.lid.,,,,,9
,Česká strana národně sociální,,,,,0
,REALISTÉ,,,,,4
,SPORTOVCI,,,,,1
,Dělnic.str.sociální spravedl.,,,,,0
,Svob.a př.dem.-T.Okamura (SPD),,,,,24
,Strana Práv Občanů,,,,,0
,1,,,,,"100,00"
,Občanská demokratická strana,,,,,26
,Řád národa - Vlastenecká unie,,,,,1
,CESTA ODPOVĚDNÉ SPOLEČNOSTI,,,,,0
,Česká str.sociálně demokrat.,,,,,15
,Radostné Česko,,,,,0
,STAROSTOVÉ A NEZÁVISLÍ,,,,,9
,Komunistická str.Čech a Moravy,,,,,16
,Strana zelených,,,,,4
,"ROZUMNÍ-stop migraci,diktát.EU",,,,,1
,Strana svobodných občanů,,,,,1
,Blok proti islam.-Obran.domova,,,,,0
,Občanská demokratická aliance,,,,,0
,Česká pirátská strana,,,,,30
,Unie H.A.V.E.L.,,,,,0
,Referendum o Evropské unii,,,,,0
,TOP 09,,,,,11
,ANO 2011,,,,,51
,Dobrá volba 2016,,,,,1
,SPR-Republ.str.Čsl. M.Sládka,,,,,2
,Křesť.demokr.unie-Čs.str.lid.,,,,,14
,Česká strana národně sociální,,,,,0
,REALISTÉ,,,,,2
,SPORTOVCI,,,,,2
,Dělnic.str.sociální spravedl.,,,,,0
,Svob.a př.dem.-T.Okamura (SPD),,,,,13
,Strana Práv Občanů,,,,,0
,1,,,,,"100,00"
,Občanská demokratická strana,,,,,12
,Řád národa - Vlastenecká unie,,,,,0
,CESTA ODPOVĚDNÉ SPOLEČNOSTI,,,,,0
,Česká str.sociálně demokrat.,,,,,4
,Radostné Česko,,,,,0
,STAROSTOVÉ A NEZÁVISLÍ,,,,,3
,Komunistická str.Čech a Moravy,,,,,9
,Strana zelených,,,,,0
,"ROZUMNÍ-stop migraci,diktát.EU",,,,,1
,Strana svobodných občanů,,,,,4
,Blok proti islam.-Obran.domova,,,,,0
,Občanská demokratická aliance,,,,,0
,Česká pirátská strana,,,,,21
,Unie H.A.V.E.L.,,,,,0
,Referendum o Evropské unii,,,,,0
,TOP 09,,,,,11
,ANO 2011,,,,,23
,Dobrá volba 2016,,,,,0
,SPR-Republ.str.Čsl. M.Sládka,,,,,0
,Křesť.demokr.unie-Čs.str.lid.,,,,,4
,Česká strana národně sociální,,,,,0
,REALISTÉ,,,,,1
,SPORTOVCI,,,,,0
,Dělnic.str.sociální spravedl.,,,,,0
,Svob.a př.dem.-T.Okamura (SPD),,,,,12
,Strana Práv Občanů,,,,,0
,1,,,,,"100,00"
,Občanská demokratická strana,,,,,34
,Řád národa - Vlastenecká unie,,,,,0
,CESTA ODPOVĚDNÉ SPOLEČNOSTI,,,,,0
,Česká str.sociálně demokrat.,,,,,11
,Radostné Česko,,,,,0
,STAROSTOVÉ A NEZÁVISLÍ,,,,,20
,Komunistická str.Čech a Moravy,,,,,38
,Strana zelených,,,,,7
,"ROZUMNÍ-stop migraci,diktát.EU",,,,,2
,Strana svobodných občanů,,,,,2
,Blok proti islam.-Obran.domova,,,,,1
,Občanská demokratická aliance,,,,,2
,Česká pirátská strana,,,,,42
,Unie H.A.V.E.L.,,,,,0
,Referendum o Evropské unii,,,,,0
,TOP 09,,,,,7
,ANO 2011,,,,,90
,Dobrá volba 2016,,,,,0
,SPR-Republ.str.Čsl. M.Sládka,,,,,1
,Křesť.demokr.unie-Čs.str.lid.,,,,,6
,Česká strana národně sociální,,,,,0
,REALISTÉ,,,,,3
,SPORTOVCI,,,,,1
,Dělnic.str.sociální spravedl.,,,,,1
,Svob.a př.dem.-T.Okamura (SPD),,,,,24
,Strana Práv Občanů,,,,,1
,1,,,,,"100,00"
,Občanská demokratická strana,,,,,12
,Řád národa - Vlastenecká unie,,,,,0
,CESTA ODPOVĚDNÉ SPOLEČNOSTI,,,,,0
,Česká str.sociálně demokrat.,,,,,7
,Radostné Česko,,,,,0
,STAROSTOVÉ A NEZÁVISLÍ,,,,,9
,Komunistická str.Čech a Moravy,,,,,22
,Strana zelených,,,,,1
,"ROZUMNÍ-stop migraci,diktát.EU",,,,,0
,Strana svobodných občanů,,,,,3
,Blok proti islam.-Obran.domova,,,,,0
,Občanská demokratická aliance,,,,,0
,Česká pirátská strana,,,,,13
,Unie H.A.V.E.L.,,,,,1
,Referendum o Evropské unii,,,,,0
,TOP 09,,,,,2
,ANO 2011,,,,,24
,Dobrá volba 2016,,,,,0
,SPR-Republ.str.Čsl. M.Sládka,,,,,0
,Křesť.demokr.unie-Čs.str.lid.,,,,,7
,Česká strana národně sociální,,,,,0
,REALISTÉ,,,,,1
,SPORTOVCI,,,,,0
,Dělnic.str.sociální spravedl.,,,,,0
,Svob.a př.dem.-T.Okamura (SPD),,,,,20
,Strana Práv Občanů,,,,,0
,1,,,,,"100,00"
,Občanská demokratická strana,,,,,44
,Řád národa - Vlastenecká unie,,,,,0
,CESTA ODPOVĚDNÉ SPOLEČNOSTI,,,,,0
,Česká str.sociálně demokrat.,,,,,32
,Radostné Česko,,,,,0
,STAROSTOVÉ A NEZÁVISLÍ,,,,,12
,Komunistická str.Čech a Moravy,,,,,41
,Strana zelených,,,,,3
,"ROZUMNÍ-stop migraci,diktát.EU",,,,,5
,Strana svobodných občanů,,,,,2
,Blok proti islam.-Obran.domova,,,,,0
,Občanská demokratická aliance,,,,,0
,Česká pirátská strana,,,,,39
,Unie H.A.V.E.L.,,,,,0
,Referendum o Evropské unii,,,,,0
,TOP 09,,,,,10
,ANO 2011,,,,,108
,Dobrá volba 2016,,,,,0
,SPR-Republ.str.Čsl. M.Sládka,,,,,0
,Křesť.demokr.unie-Čs.str.lid.,,,,,5
,Česká strana národně sociální,,,,,0
,REALISTÉ,,,,,1
,SPORTOVCI,,,,,1
,Dělnic.str.sociální spravedl.,,,,,0
,Svob.a př.dem.-T.Okamura (SPD),,,,,31
,Strana Práv Občanů,,,,,0
,1,,,,,"100,00"
,Občanská demokratická strana,,,,,58
,Řád národa - Vlastenecká unie,,,,,1
,CESTA ODPOVĚDNÉ SPOLEČNOSTI,,,,,0
,Česká str.sociálně demokrat.,,,,,42
,Radostné Česko,,,,,0
,STAROSTOVÉ A NEZÁVISLÍ,,,,,23
,Komunistická str.Čech a Moravy,,,,,45
,Strana zelených,,,,,6
,"ROZUMNÍ-stop migraci,diktát.EU",,,,,4
,Strana svobodných občanů,,,,,14
,Blok proti islam.-Obran.domova,,,,,0
,Občanská demokratická aliance,,,,,2
,Česká pirátská strana,,,,,60
,Unie H.A.V.E.L.,,,,,0
,Referendum o Evropské unii,,,,,0
,TOP 09,,,,,19
,ANO 2011,,,,,132
,Dobrá volba 2016,,,,,1
,SPR-Republ.str.Čsl. M.Sládka,,,,,2
,Křesť.demokr.unie-Čs.str.lid.,,,,,10
,Česká strana národně sociální,,,,,1
,REALISTÉ,,,,,6
,SPORTOVCI,,,,,0
,Dělnic.str.sociální spravedl.,,,,,0
,Svob.a př.dem.-T.Okamura (SPD),,,,,37
,Strana Práv Občanů,,,,,1
,1,,,,,"100,00"
,Občanská demokratická strana,,,,,34
,Řád národa - Vlastenecká unie,,,,,2
,CESTA ODPOVĚDNÉ SPOLEČNOSTI,,,,,0
,Česká str.sociálně demokrat.,,,,,20
,Radostné Česko,,,,,0
,STAROSTOVÉ A NEZÁVISLÍ,,,,,9
,Komunistická str.Čech a Moravy,,,,,27
,Strana zelených,,,,,3
,"ROZUMNÍ-stop migraci,diktát.EU",,,,,3
,Strana svobodných občanů,,,,,5
,Blok proti islam.-Obran.domova,,,,,0
,Občanská demokratická aliance,,,,,0
,Česká pirátská strana,,,,,27
,Unie H.A.V.E.L.,,,,,0
,Referendum o Evropské unii,,,,,0
,TOP 09,,,,,12
,ANO 2011,,,,,84
,Dobrá volba 2016,,,,,0
,SPR-Republ.str.Čsl. M.Sládka,,,,,0
,Křesť.demokr.unie-Čs.str.lid.,,,,,3
,Česká strana národně sociální,,,,,0
,REALISTÉ,,,,,1
,SPORTOVCI,,,,,0
,Dělnic.str.sociální spravedl.,,,,,1
,Svob.a př.dem.-T.Okamura (SPD),,,,,23
,Strana Práv Občanů,,,,,5
,1,,,,,"100,00"
,Občanská demokratická strana,,,,,7
,Řád národa - Vlastenecká unie,,,,,0
,CESTA ODPOVĚDNÉ SPOLEČNOSTI,,,,,0
,Česká str.sociálně demokrat.,,,,,3
,Radostné Česko,,,,,0
,STAROSTOVÉ A NEZÁVISLÍ,,,,,1
,Komunistická str.Čech a Moravy,,,,,0
,Strana zelených,,,,,0
,"ROZUMNÍ-stop migraci,diktát.EU",,,,,0
,Strana svobodných občanů,,,,,0
,Blok proti islam.-Obran.domova,,,,,0
,Občanská demokratická aliance,,,,,0
,Česká pirátská strana,,,,,9
,Unie H.A.V.E.L.,,,,,0
,Referendum o Evropské unii,,,,,0
,TOP 09,,,,,4
,ANO 2011,,,,,26
,Dobrá volba 2016,,,,,2
,SPR-Republ.str.Čsl. M.Sládka,,,,,0
,Křesť.demokr.unie-Čs.str.lid.,,,,,2
,Česká strana národně sociální,,,,,0
,REALISTÉ,,,,,1
,SPORTOVCI,,,,,0
,Dělnic.str.sociální spravedl.,,,,,0
,Svob.a př.dem.-T.Okamura (SPD),,,,,5
,Strana Práv Občanů,,,,,0
,1,,,,,"100,00"
,Občanská demokratická strana,,,,,33
,Řád národa - Vlastenecká unie,,,,,0
,CESTA ODPOVĚDNÉ SPOLEČNOSTI,,,,,0
,Česká str.sociálně demokrat.,,,,,24
,Radostné Česko,,,,,0
,STAROSTOVÉ A NEZÁVISLÍ,,,,,23
,Komunistická str.Čech a Moravy,,,,,19
,Strana zelených,,,,,6
,"ROZUMNÍ-stop migraci,diktát.EU",,,,,1
,Strana svobodných občanů,,,,,5
,Blok proti islam.-Obran.domova,,,,,0
,Občanská demokratická aliance,,,,,2
,Česká pirátská strana,,,,,27
,Unie H.A.V.E.L.,,,,,0
,Referendum o Evropské unii,,,,,0
,TOP 09,,,,,25
,ANO 2011,,,,,62
,Dobrá volba 2016,,,,,0
,SPR-Republ.str.Čsl. M.Sládka,,,,,0
,Křesť.demokr.unie-Čs.str.lid.,,,,,6
,Česká strana národně sociální,,,,,0
,REALISTÉ,,,,,0
,SPORTOVCI,,,,,0
,Dělnic.str.sociální spravedl.,,,,,0
,Svob.a př.dem.-T.Okamura (SPD),,,,,23
,Strana Práv Občanů,,,,,3
,1,,,,,"100,00"
,Občanská demokratická strana,,,,,53
,Řád národa - Vlastenecká unie,,,,,0
,CESTA ODPOVĚDNÉ SPOLEČNOSTI,,,,,0
,Česká str.sociálně demokrat.,,,,,15
,Radostné Česko,,,,,0
,STAROSTOVÉ A NEZÁVISLÍ,,,,,25
,Komunistická str.Čech a Moravy,,,,,12
,Strana zelených,,,,,5
,"ROZUMNÍ-stop migraci,diktát.EU",,,,,3
,Strana svobodných občanů,,,,,3
,Blok proti islam.-Obran.domova,,,,,1
,Občanská demokratická aliance,,,,,0
,Česká pirátská strana,,,,,34
,Unie H.A.V.E.L.,,,,,0
,Referendum o Evropské unii,,,,,0
,TOP 09,,,,,20
,ANO 2011,,,,,72
,Dobrá volba 2016,,,,,0
,SPR-Republ.str.Čsl. M.Sládka,,,,,0
,Křesť.demokr.unie-Čs.str.lid.,,,,,8
,Česká strana národně sociální,,,,,1
,REALISTÉ,,,,,4
,SPORTOVCI,,,,,0
,Dělnic.str.sociální spravedl.,,,,,0
,Svob.a př.dem.-T.Okamura (SPD),,,,,14
,Strana Práv Občanů,,,,,0
,1,,,,,"100,00"
,Občanská demokratická strana,,,,,20
,Řád národa - Vlastenecká unie,,,,,1
,CESTA ODPOVĚDNÉ SPOLEČNOSTI,,,,,0
,Česká str.sociálně demokrat.,,,,,29
,Radostné Česko,,,,,0
,STAROSTOVÉ A NEZÁVISLÍ,,,,,9
,Komunistická str.Čech a Moravy,,,,,22
,Strana zelených,,,,,1
,"ROZUMNÍ-stop migraci,diktát.EU",,,,,2
,Strana svobodných občanů,,,,,2
,Blok proti islam.-Obran.domova,,,,,0
,Občanská demokratická aliance,,,,,0
,Česká pirátská strana,,,,,19
,Unie H.A.V.E.L.,,,,,0
,Referendum o Evropské unii,,,,,1
,TOP 09,,,,,23
,ANO 2011,,,,,69
,Dobrá volba 2016,,,,,0
,SPR-Republ.str.Čsl. M.Sládka,,,,,0
,Křesť.demokr.unie-Čs.str.lid.,,,,,5
,Česká strana národně sociální,,,,,0
,REALISTÉ,,,,,1
,SPORTOVCI,,,,,1
,Dělnic.str.sociální spravedl.,,,,,1
,Svob.a př.dem.-T.Okamura (SPD),,,,,14
,Strana Práv Občanů,,,,,0
,1,,,,,"100,00"
,Občanská demokratická strana,,,,,23
,Řád národa - Vlastenecká unie,,,,,1
,CESTA ODPOVĚDNÉ SPOLEČNOSTI,,,,,0
,Česká str.sociálně demokrat.,,,,,12
,Radostné Česko,,,,,0
,STAROSTOVÉ A NEZÁVISLÍ,,,,,5
,Komunistická str.Čech a Moravy,,,,,45
,Strana zelených,,,,,5
,"ROZUMNÍ-stop migraci,diktát.EU",,,,,2
,Strana svobodných občanů,,,,,2
,Blok proti islam.-Obran.domova,,,,,0
,Občanská demokratická aliance,,,,,0
,Česká pirátská strana,,,,,28
,Unie H.A.V.E.L.,,,,,0
,Referendum o Evropské unii,,,,,0
,TOP 09,,,,,9
,ANO 2011,,,,,59
,Dobrá volba 2016,,,,,0
,SPR-Republ.str.Čsl. M.Sládka,,,,,0
,Křesť.demokr.unie-Čs.str.lid.,,,,,8
,Česká strana národně sociální,,,,,0
,REALISTÉ,,,,,1
,SPORTOVCI,,,,,1
,Dělnic.str.sociální spravedl.,,,,,0
,Svob.a př.dem.-T.Okamura (SPD),,,,,35
,Strana Práv Občanů,,,,,0
,1,,,,,"100,00"
,Občanská demokratická strana,,,,,31
,Řád národa - Vlastenecká unie,,,,,0
,CESTA ODPOVĚDNÉ SPOLEČNOSTI,,,,,0
,Česká str.sociálně demokrat.,,,,,23
,Radostné Česko,,,,,0
,STAROSTOVÉ A NEZÁVISLÍ,,,,,14
,Komunistická str.Čech a Moravy,,,,,32
,Strana zelených,,,,,0
,"ROZUMNÍ-stop migraci,diktát.EU",,,,,1
,Strana svobodných občanů,,,,,3
,Blok proti islam.-Obran.domova,,,,,0
,Občanská demokratická aliance,,,,,1
,Česká pirátská strana,,,,,33
,Unie H.A.V.E.L.,,,,,0
,Referendum o Evropské unii,,,,,0
,TOP 09,,,,,19
,ANO 2011,,,,,100
,Dobrá volba 2016,,,,,0
,SPR-Republ.str.Čsl. M.Sládka,,,,,0
,Křesť.demokr.unie-Čs.str.lid.,,,,,9
,Česká strana národně sociální,,,,,0
,REALISTÉ,,,,,1
,SPORTOVCI,,,,,0
,Dělnic.str.sociální spravedl.,,,,,0
,Svob.a př.dem.-T.Okamura (SPD),,,,,19
,Strana Práv Občanů,,,,,1
,1,,,,,"100,00"
,Občanská demokratická strana,,,,,15
,Řád národa - Vlastenecká unie,,,,,0
,CESTA ODPOVĚDNÉ SPOLEČNOSTI,,,,,0
,Česká str.sociálně demokrat.,,,,,6
,Radostné Česko,,,,,0
,STAROSTOVÉ A NEZÁVISLÍ,,,,,8
,Komunistická str.Čech a Moravy,,,,,3
,Strana zelených,,,,,2
,"ROZUMNÍ-stop migraci,diktát.EU",,,,,0
,Strana svobodných občanů,,,,,1
,Blok proti islam.-Obran.domova,,,,,0
,Občanská demokratická aliance,,,,,2
,Česká pirátská strana,,,,,14
,Unie H.A.V.E.L.,,,,,1
,Referendum o Evropské unii,,,,,0
,TOP 09,,,,,11
,ANO 2011,,,,,19
,Dobrá volba 2016,,,,,0
,SPR-Republ.str.Čsl. M.Sládka,,,,,0
,Křesť.demokr.unie-Čs.str.lid.,,,,,11
,Česká strana národně sociální,,,,,0
,REALISTÉ,,,,,0
,SPORTOVCI,,,,,0
,Dělnic.str.sociální spravedl.,,,,,0
,Svob.a př.dem.-T.Okamura (SPD),,,,,1
,Strana Práv Občanů,,,,,0
,1,,,,,"100,00"
,Občanská demokratická strana,,,,,71
,Řád národa - Vlastenecká unie,,,,,0
,CESTA ODPOVĚDNÉ SPOLEČNOSTI,,,,,0
,Česká str.sociálně demokrat.,,,,,8
,Radostné Česko,,,,,0
,STAROSTOVÉ A NEZÁVISLÍ,,,,,22
,Komunistická str.Čech a Moravy,,,,,17
,Strana zelených,,,,,10
,"ROZUMNÍ-stop migraci,diktát.EU",,,,,4
,Strana svobodných občanů,,,,,10
,Blok proti islam.-Obran.domova,,,,,2
,Občanská demokratická aliance,,,,,1
,Česká pirátská strana,,,,,71
,Unie H.A.V.E.L.,,,,,0
,Referendum o Evropské unii,,,,,0
,TOP 09,,,,,46
,ANO 2011,,,,,79
,Dobrá volba 2016,,,,,0
,SPR-Republ.str.Čsl. M.Sládka,,,,,0
,Křesť.demokr.unie-Čs.str.lid.,,,,,7
,Česká strana národně sociální,,,,,0
,REALISTÉ,,,,,3
,SPORTOVCI,,,,,0
,Dělnic.str.sociální spravedl.,,,,,0
,Svob.a př.dem.-T.Okamura (SPD),,,,,20
,Strana Práv Občanů,,,,,1
,1,,,,,"100,00"
,Občanská demokratická strana,,,,,69
,Řád národa - Vlastenecká unie,,,,,1
,CESTA ODPOVĚDNÉ SPOLEČNOSTI,,,,,0
,Česká str.sociálně demokrat.,,,,,37
,Radostné Česko,,,,,1
,STAROSTOVÉ A NEZÁVISLÍ,,,,,39
,Komunistická str.Čech a Moravy,,,,,36
,Strana zelených,,,,,3
,"ROZUMNÍ-stop migraci,diktát.EU",,,,,0
,Strana svobodných občanů,,,,,5
,Blok proti islam.-Obran.domova,,,,,0
,Občanská demokratická aliance,,,,,0
,Česká pirátská strana,,,,,63
,Unie H.A.V.E.L.,,,,,1
,Referendum o Evropské unii,,,,,0
,TOP 09,,,,,30
,ANO 2011,,,,,106
,Dobrá volba 2016,,,,,0
,SPR-Republ.str.Čsl. M.Sládka,,,,,3
,Křesť.demokr.unie-Čs.str.lid.,,,,,19
,Česká strana národně sociální,,,,,0
,REALISTÉ,,,,,1
,SPORTOVCI,,,,,0
,Dělnic.str.sociální spravedl.,,,,,4
,Svob.a př.dem.-T.Okamura (SPD),,,,,62
,Strana Práv Občanů,,,,,0
,1,,,,,"100,00"
,Občanská demokratická strana,,,,,60
,Řád národa - Vlastenecká unie,,,,,1
,CESTA ODPOVĚDNÉ SPOLEČNOSTI,,,,,0
,Česká str.sociálně demokrat.,,,,,32
,Radostné Česko,,,,,1
,STAROSTOVÉ A NEZÁVISLÍ,,,,,21
,Komunistická str.Čech a Moravy,,,,,65
,Strana zelených,,,,,5
,"ROZUMNÍ-stop migraci,diktát.EU",,,,,3
,Strana svobodných občanů,,,,,8
,Blok proti islam.-Obran.domova,,,,,0
,Občanská demokratická aliance,,,,,1
,Česká pirátská strana,,,,,54
,Unie H.A.V.E.L.,,,,,0
,Referendum o Evropské unii,,,,,0
,TOP 09,,,,,22
,ANO 2011,,,,,166
,Dobrá volba 2016,,,,,0
,SPR-Republ.str.Čsl. M.Sládka,,,,,0
,Křesť.demokr.unie-Čs.str.lid.,,,,,9
,Česká strana národně sociální,,,,,0
,REALISTÉ,,,,,6
,SPORTOVCI,,,,,3
,Dělnic.str.sociální spravedl.,,,,,1
,Svob.a př.dem.-T.Okamura (SPD),,,,,44
,Strana Práv Občanů,,,,,1
,1,,,,,"100,00"
,Občanská demokratická strana,,,,,55
,Řád národa - Vlastenecká unie,,,,,3
,CESTA ODPOVĚDNÉ SPOLEČNOSTI,,,,,0
,Česká str.sociálně demokrat.,,,,,36
,Radostné Česko,,,,,1
,STAROSTOVÉ A NEZÁVISLÍ,,,,,28
,Komunistická str.Čech a Moravy,,,,,44
,Strana zelených,,,,,10
,"ROZUMNÍ-stop migraci,diktát.EU",,,,,6
,Strana svobodných občanů,,,,,15
,Blok proti islam.-Obran.domova,,,,,0
,Občanská demokratická aliance,,,,,1
,Česká pirátská strana,,,,,45
,Unie H.A.V.E.L.,,,,,1
,Referendum o Evropské unii,,,,,2
,TOP 09,,,,,18
,ANO 2011,,,,,170
,Dobrá volba 2016,,,,,1
,SPR-Republ.str.Čsl. M.Sládka,,,,,0
,Křesť.demokr.unie-Čs.str.lid.,,,,,6
,Česká strana národně sociální,,,,,0
,REALISTÉ,,,,,6
,SPORTOVCI,,,,,1
,Dělnic.str.sociální spravedl.,,,,,1
,Svob.a př.dem.-T.Okamura (SPD),,,,,48
,Strana Práv Občanů,,,,,1
,1,,,,,"100,00"
,Občanská demokratická strana,,,,,13
,Řád národa - Vlastenecká unie,,,,,0
,CESTA ODPOVĚDNÉ SPOLEČNOSTI,,,,,0
,Česká str.sociálně demokrat.,,,,,8
,Radostné Česko,,,,,0
,STAROSTOVÉ A NEZÁVISLÍ,,,,,5
,Komunistická str.Čech a Moravy,,,,,6
,Strana zelených,,,,,2
,"ROZUMNÍ-stop migraci,diktát.EU",,,,,1
,Strana svobodných občanů,,,,,4
,Blok proti islam.-Obran.domova,,,,,0
,Občanská demokratická aliance,,,,,0
,Česká pirátská strana,,,,,12
,Unie H.A.V.E.L.,,,,,1
,Referendum o Evropské unii,,,,,0
,TOP 09,,,,,11
,ANO 2011,,,,,36
,Dobrá volba 2016,,,,,0
,SPR-Republ.str.Čsl. M.Sládka,,,,,1
,Křesť.demokr.unie-Čs.str.lid.,,,,,7
,Česká strana národně sociální,,,,,0
,REALISTÉ,,,,,0
,SPORTOVCI,,,,,0
,Dělnic.str.sociální spravedl.,,,,,1
,Svob.a př.dem.-T.Okamura (SPD),,,,,19
,Strana Práv Občanů,,,,,0
,1,,,,,"100,00"
,Občanská demokratická strana,,,,,51
,Řád národa - Vlastenecká unie,,,,,0
,CESTA ODPOVĚDNÉ SPOLEČNOSTI,,,,,5
,Česká str.sociálně demokrat.,,,,,3
,Radostné Česko,,,,,0
,STAROSTOVÉ A NEZÁVISLÍ,,,,,17
,Komunistická str.Čech a Moravy,,,,,21
,Strana zelených,,,,,1
,"ROZUMNÍ-stop migraci,diktát.EU",,,,,0
,Strana svobodných občanů,,,,,9
,Blok proti islam.-Obran.domova,,,,,1
,Občanská demokratická aliance,,,,,0
,Česká pirátská strana,,,,,21
,Unie H.A.V.E.L.,,,,,0
,Referendum o Evropské unii,,,,,0
,TOP 09,,,,,12
,ANO 2011,,,,,65
,Dobrá volba 2016,,,,,0
,SPR-Republ.str.Čsl. M.Sládka,,,,,1
,Křesť.demokr.unie-Čs.str.lid.,,,,,4
,Česká strana národně sociální,,,,,1
,REALISTÉ,,,,,1
,SPORTOVCI,,,,,0
,Dělnic.str.sociální spravedl.,,,,,0
,Svob.a př.dem.-T.Okamura (SPD),,,,,25
,Strana Práv Občanů,,,,,0
,1,,,,,"100,00"
,Občanská demokratická strana,,,,,10
,Řád národa - Vlastenecká unie,,,,,0
,CESTA ODPOVĚDNÉ SPOLEČNOSTI,,,,,0
,Česká str.sociálně demokrat.,,,,,6
,Radostné Česko,,,,,0
,STAROSTOVÉ A NEZÁVISLÍ,,,,,6
,Komunistická str.Čech a Moravy,,,,,16
,Strana zelených,,,,,0
,"ROZUMNÍ-stop migraci,diktát.EU",,,,,1
,Strana svobodných občanů,,,,,1
,Blok proti islam.-Obran.domova,,,,,0
,Občanská demokratická aliance,,,,,0
,Česká pirátská strana,,,,,16
,Unie H.A.V.E.L.,,,,,0
,Referendum o Evropské unii,,,,,0
,TOP 09,,,,,2
,ANO 2011,,,,,39
,Dobrá volba 2016,,,,,0
,SPR-Republ.str.Čsl. M.Sládka,,,,,1
,Křesť.demokr.unie-Čs.str.lid.,,,,,2
,Česká strana národně sociální,,,,,0
,REALISTÉ,,,,,0
,SPORTOVCI,,,,,0
,Dělnic.str.sociální spravedl.,,,,,0
,Svob.a př.dem.-T.Okamura (SPD),,,,,6
,Strana Práv Občanů,,,,,0
,1,,,,,"100,00"
,Občanská demokratická strana,,,,,53
,Řád národa - Vlastenecká unie,,,,,0
,CESTA ODPOVĚDNÉ SPOLEČNOSTI,,,,,0
,Česká str.sociálně demokrat.,,,,,24
,Radostné Česko,,,,,0
,STAROSTOVÉ A NEZÁVISLÍ,,,,,28
,Komunistická str.Čech a Moravy,,,,,30
,Strana zelených,,,,,1
,"ROZUMNÍ-stop migraci,diktát.EU",,,,,5
,Strana svobodných občanů,,,,,2
,Blok proti islam.-Obran.domova,,,,,0
,Občanská demokratická aliance,,,,,1
,Česká pirátská strana,,,,,35
,Unie H.A.V.E.L.,,,,,0
,Referendum o Evropské unii,,,,,0
,TOP 09,,,,,6
,ANO 2011,,,,,116
,Dobrá volba 2016,,,,,2
,SPR-Republ.str.Čsl. M.Sládka,,,,,0
,Křesť.demokr.unie-Čs.str.lid.,,,,,24
,Česká strana národně sociální,,,,,1
,REALISTÉ,,,,,0
,SPORTOVCI,,,,,1
,Dělnic.str.sociální spravedl.,,,,,0
,Svob.a př.dem.-T.Okamura (SPD),,,,,33
,Strana Práv Občanů,,,,,1
,2,,,,,"100,00"
,Občanská demokratická strana,,,,,31
,Řád národa - Vlastenecká unie,,,,,1
,CESTA ODPOVĚDNÉ SPOLEČNOSTI,,,,,0
,Česká str.sociálně demokrat.,,,,,15
,Radostné Česko,,,,,0
,STAROSTOVÉ A NEZÁVISLÍ,,,,,15
,Komunistická str.Čech a Moravy,,,,,19
,Strana zelených,,,,,2
,"ROZUMNÍ-stop migraci,diktát.EU",,,,,11
,Strana svobodných občanů,,,,,0
,Blok proti islam.-Obran.domova,,,,,1
,Občanská demokratická aliance,,,,,2
,Česká pirátská strana,,,,,38
,Unie H.A.V.E.L.,,,,,0
,Referendum o Evropské unii,,,,,1
,TOP 09,,,,,7
,ANO 2011,,,,,65
,Dobrá volba 2016,,,,,1
,SPR-Republ.str.Čsl. M.Sládka,,,,,1
,Křesť.demokr.unie-Čs.str.lid.,,,,,8
,Česká strana národně sociální,,,,,0
,REALISTÉ,,,,,0
,SPORTOVCI,,,,,0
,Dělnic.str.sociální spravedl.,,,,,1
,Svob.a př.dem.-T.Okamura (SPD),,,,,16
,Strana Práv Občanů,,,,,0
,1,,,,,"100,00"
,Občanská demokratická strana,,,,,8
,Řád národa - Vlastenecká unie,,,,,0
,CESTA ODPOVĚDNÉ SPOLEČNOSTI,,,,,0
,Česká str.sociálně demokrat.,,,,,5
,Radostné Česko,,,,,0
,STAROSTOVÉ A NEZÁVISLÍ,,,,,2
,Komunistická str.Čech a Moravy,,,,,6
,Strana zelených,,,,,0
,"ROZUMNÍ-stop migraci,diktát.EU",,,,,0
,Strana svobodných občanů,,,,,0
,Blok proti islam.-Obran.domova,,,,,0
,Občanská demokratická aliance,,,,,0
,Česká pirátská strana,,,,,8
,Unie H.A.V.E.L.,,,,,0
,Referendum o Evropské unii,,,,,0
,TOP 09,,,,,2
,ANO 2011,,,,,25
,Dobrá volba 2016,,,,,0
,SPR-Republ.str.Čsl. M.Sládka,,,,,0
,Křesť.demokr.unie-Čs.str.lid.,,,,,0
,Česká strana národně sociální,,,,,0
,REALISTÉ,,,,,0
,SPORTOVCI,,,,,0
,Dělnic.str.sociální spravedl.,,,,,0
,Svob.a př.dem.-T.Okamura (SPD),,,,,2
,Strana Práv Občanů,,,,,0
,1,,,,,"100,00"
,Občanská demokratická strana,,,,,31
,Řád národa - Vlastenecká unie,,,,,0
,CESTA ODPOVĚDNÉ SPOLEČNOSTI,,,,,0
,Česká str.sociálně demokrat.,,,,,9
,Radostné Česko,,,,,0
,STAROSTOVÉ A NEZÁVISLÍ,,,,,8
,Komunistická str.Čech a Moravy,,,,,12
,Strana zelených,,,,,5
,"ROZUMNÍ-stop migraci,diktát.EU",,,,,0
,Strana svobodných občanů,,,,,3
,Blok proti islam.-Obran.domova,,,,,0
,Občanská demokratická aliance,,,,,0
,Česká pirátská strana,,,,,12
,Unie H.A.V.E.L.,,,,,0
,Referendum o Evropské unii,,,,,0
,TOP 09,,,,,5
,ANO 2011,,,,,53
,Dobrá volba 2016,,,,,0
,SPR-Republ.str.Čsl. M.Sládka,,,,,0
,Křesť.demokr.unie-Čs.str.lid.,,,,,3
,Česká strana národně sociální,,,,,0
,REALISTÉ,,,,,0
,SPORTOVCI,,,,,0
,Dělnic.str.sociální spravedl.,,,,,0
,Svob.a př.dem.-T.Okamura (SPD),,,,,18
,Strana Práv Občanů,,,,,0
,1,,,,,"100,00"
,Občanská demokratická strana,,,,,83
,Řád národa - Vlastenecká unie,,,,,1
,CESTA ODPOVĚDNÉ SPOLEČNOSTI,,,,,0
,Česká str.sociálně demokrat.,,,,,45
,Radostné Česko,,,,,0
,STAROSTOVÉ A NEZÁVISLÍ,,,,,34
,Komunistická str.Čech a Moravy,,,,,55
,Strana zelených,,,,,6
,"ROZUMNÍ-stop migraci,diktát.EU",,,,,3
,Strana svobodných občanů,,,,,9
,Blok proti islam.-Obran.domova,,,,,2
,Občanská demokratická aliance,,,,,1
,Česká pirátská strana,,,,,82
,Unie H.A.V.E.L.,,,,,0
,Referendum o Evropské unii,,,,,1
,TOP 09,,,,,27
,ANO 2011,,,,,176
,Dobrá volba 2016,,,,,1
,SPR-Republ.str.Čsl. M.Sládka,,,,,0
,Křesť.demokr.unie-Čs.str.lid.,,,,,14
,Česká strana národně sociální,,,,,0
,REALISTÉ,,,,,4
,SPORTOVCI,,,,,1
,Dělnic.str.sociální spravedl.,,,,,1
,Svob.a př.dem.-T.Okamura (SPD),,,,,51
,Strana Práv Občanů,,,,,1
,1,,,,,"100,00"
,Občanská demokratická strana,,,,,27
,Řád národa - Vlastenecká unie,,,,,0
,CESTA ODPOVĚDNÉ SPOLEČNOSTI,,,,,0
,Česká str.sociálně demokrat.,,,,,14
,Radostné Česko,,,,,0
,STAROSTOVÉ A NEZÁVISLÍ,,,,,8
,Komunistická str.Čech a Moravy,,,,,18
,Strana zelených,,,,,2
,"ROZUMNÍ-stop migraci,diktát.EU",,,,,2
,Strana svobodných občanů,,,,,4
,Blok proti islam.-Obran.domova,,,,,0
,Občanská demokratická aliance,,,,,1
,Česká pirátská strana,,,,,30
,Unie H.A.V.E.L.,,,,,0
,Referendum o Evropské unii,,,,,0
,TOP 09,,,,,12
,ANO 2011,,,,,64
,Dobrá volba 2016,,,,,0
,SPR-Republ.str.Čsl. M.Sládka,,,,,1
,Křesť.demokr.unie-Čs.str.lid.,,,,,16
,Česká strana národně sociální,,,,,0
,REALISTÉ,,,,,0
,SPORTOVCI,,,,,1
,Dělnic.str.sociální spravedl.,,,,,0
,Svob.a př.dem.-T.Okamura (SPD),,,,,26
,Strana Práv Občanů,,,,,0
,3,,,,,"100,00"
,Občanská demokratická strana,,,,,58
,Řád národa - Vlastenecká unie,,,,,0
,CESTA ODPOVĚDNÉ SPOLEČNOSTI,,,,,1
,Česká str.sociálně demokrat.,,,,,20
,Radostné Česko,,,,,0
,STAROSTOVÉ A NEZÁVISLÍ,,,,,24
,Komunistická str.Čech a Moravy,,,,,23
,Strana zelených,,,,,4
,"ROZUMNÍ-stop migraci,diktát.EU",,,,,4
,Strana svobodných občanů,,,,,8
,Blok proti islam.-Obran.domova,,,,,0
,Občanská demokratická aliance,,,,,0
,Česká pirátská strana,,,,,77
,Unie H.A.V.E.L.,,,,,1
,Referendum o Evropské unii,,,,,0
,TOP 09,,,,,23
,ANO 2011,,,,,80
,Dobrá volba 2016,,,,,0
,SPR-Republ.str.Čsl. M.Sládka,,,,,1
,Křesť.demokr.unie-Čs.str.lid.,,,,,13
,Česká strana národně sociální,,,,,0
,REALISTÉ,,,,,3
,SPORTOVCI,,,,,0
,Dělnic.str.sociální spravedl.,,,,,0
,Svob.a př.dem.-T.Okamura (SPD),,,,,30
,Strana Práv Občanů,,,,,0
,1,,,,,"100,00"
,Občanská demokratická strana,,,,,69
,Řád národa - Vlastenecká unie,,,,,1
,CESTA ODPOVĚDNÉ SPOLEČNOSTI,,,,,1
,Česká str.sociálně demokrat.,,,,,33
,Radostné Česko,,,,,0
,STAROSTOVÉ A NEZÁVISLÍ,,,,,33
,Komunistická str.Čech a Moravy,,,,,22
,Strana zelených,,,,,6
,"ROZUMNÍ-stop migraci,diktát.EU",,,,,8
,Strana svobodných občanů,,,,,15
,Blok proti islam.-Obran.domova,,,,,1
,Občanská demokratická aliance,,,,,1
,Česká pirátská strana,,,,,69
,Unie H.A.V.E.L.,,,,,1
,Referendum o Evropské unii,,,,,0
,TOP 09,,,,,41
,ANO 2011,,,,,130
,Dobrá volba 2016,,,,,0
,SPR-Republ.str.Čsl. M.Sládka,,,,,1
,Křesť.demokr.unie-Čs.str.lid.,,,,,19
,Česká strana národně sociální,,,,,0
,REALISTÉ,,,,,7
,SPORTOVCI,,,,,0
,Dělnic.str.sociální spravedl.,,,,,0
,Svob.a př.dem.-T.Okamura (SPD),,,,,31
,Strana Práv Občanů,,,,,1
,1,,,,,"100,00"
,Občanská demokratická strana,,,,,94
,Řád národa - Vlastenecká unie,,,,,2
,CESTA ODPOVĚDNÉ SPOLEČNOSTI,,,,,0
,Česká str.sociálně demokrat.,,,,,53
,Radostné Česko,,,,,1
,STAROSTOVÉ A NEZÁVISLÍ,,,,,27
,Komunistická str.Čech a Moravy,,,,,119
,Strana zelených,,,,,13
,"ROZUMNÍ-stop migraci,diktát.EU",,,,,5
,Strana svobodných občanů,,,,,9
,Blok proti islam.-Obran.domova,,,,,1
,Občanská demokratická aliance,,,,,0
,Česká pirátská strana,,,,,79
,Unie H.A.V.E.L.,,,,,0
,Referendum o Evropské unii,,,,,1
,TOP 09,,,,,32
,ANO 2011,,,,,228
,Dobrá volba 2016,,,,,0
,SPR-Republ.str.Čsl. M.Sládka,,,,,1
,Křesť.demokr.unie-Čs.str.lid.,,,,,16
,Česká strana národně sociální,,,,,1
,REALISTÉ,,,,,3
,SPORTOVCI,,,,,1
,Dělnic.str.sociální spravedl.,,,,,5
,Svob.a př.dem.-T.Okamura (SPD),,,,,65
,Strana Práv Občanů,,,,,7
,1,,,,,"100,00"
,Občanská demokratická strana,,,,,22
,Řád národa - Vlastenecká unie,,,,,0
,CESTA ODPOVĚDNÉ SPOLEČNOSTI,,,,,1
,Česká str.sociálně demokrat.,,,,,16
,Radostné Česko,,,,,0
,STAROSTOVÉ A NEZÁVISLÍ,,,,,12
,Komunistická str.Čech a Moravy,,,,,39
,Strana zelených,,,,,3
,"ROZUMNÍ-stop migraci,diktát.EU",,,,,2
,Strana svobodných občanů,,,,,0
,Blok proti islam.-Obran.domova,,,,,0
,Občanská demokratická aliance,,,,,0
,Česká pirátská strana,,,,,15
,Unie H.A.V.E.L.,,,,,0
,Referendum o Evropské unii,,,,,0
,TOP 09,,,,,4
,ANO 2011,,,,,68
,Dobrá volba 2016,,,,,0
,SPR-Republ.str.Čsl. M.Sládka,,,,,3
,Křesť.demokr.unie-Čs.str.lid.,,,,,6
,Česká strana národně sociální,,,,,0
,REALISTÉ,,,,,0
,SPORTOVCI,,,,,1
,Dělnic.str.sociální spravedl.,,,,,1
,Svob.a př.dem.-T.Okamura (SPD),,,,,31
,Strana Práv Občanů,,,,,3
,5,,,,,"100,00"
,Občanská demokratická strana,,,,,268
,Řád národa - Vlastenecká unie,,,,,0
,CESTA ODPOVĚDNÉ SPOLEČNOSTI,,,,,0
,Česká str.sociálně demokrat.,,,,,212
,Radostné Česko,,,,,3
,STAROSTOVÉ A NEZÁVISLÍ,,,,,91
,Komunistická str.Čech a Moravy,,,,,183
,Strana zelených,,,,,29
,"ROZUMNÍ-stop migraci,diktát.EU",,,,,19
,Strana svobodných občanů,,,,,25
,Blok proti islam.-Obran.domova,,,,,0
,Občanská demokratická aliance,,,,,7
,Česká pirátská strana,,,,,190
,Unie H.A.V.E.L.,,,,,1
,Referendum o Evropské unii,,,,,0
,TOP 09,,,,,77
,ANO 2011,,,,,591
,Dobrá volba 2016,,,,,0
,SPR-Republ.str.Čsl. M.Sládka,,,,,2
,Křesť.demokr.unie-Čs.str.lid.,,,,,48
,Česká strana národně sociální,,,,,0
,REALISTÉ,,,,,10
,SPORTOVCI,,,,,3
,Dělnic.str.sociální spravedl.,,,,,2
,Svob.a př.dem.-T.Okamura (SPD),,,,,180
,Strana Práv Občanů,,,,,4
,1,,,,,"100,00"
,Občanská demokratická strana,,,,,129
,Řád národa - Vlastenecká unie,,,,,3
,CESTA ODPOVĚDNÉ SPOLEČNOSTI,,,,,2
,Česká str.sociálně demokrat.,,,,,77
,Radostné Česko,,,,,1
,STAROSTOVÉ A NEZÁVISLÍ,,,,,37
,Komunistická str.Čech a Moravy,,,,,125
,Strana zelených,,,,,19
,"ROZUMNÍ-stop migraci,diktát.EU",,,,,16
,Strana svobodných občanů,,,,,27
,Blok proti islam.-Obran.domova,,,,,3
,Občanská demokratická aliance,,,,,0
,Česká pirátská strana,,,,,123
,Unie H.A.V.E.L.,,,,,1
,Referendum o Evropské unii,,,,,1
,TOP 09,,,,,62
,ANO 2011,,,,,320
,Dobrá volba 2016,,,,,0
,SPR-Republ.str.Čsl. M.Sládka,,,,,3
,Křesť.demokr.unie-Čs.str.lid.,,,,,29
,Česká strana národně sociální,,,,,1
,REALISTÉ,,,,,7
,SPORTOVCI,,,,,2
,Dělnic.str.sociální spravedl.,,,,,4
,Svob.a př.dem.-T.Okamura (SPD),,,,,102
,Strana Práv Občanů,,,,,2
,1,,,,,"100,00"
,Občanská demokratická strana,,,,,21
,Řád národa - Vlastenecká unie,,,,,0
,CESTA ODPOVĚDNÉ SPOLEČNOSTI,,,,,0
,Česká str.sociálně demokrat.,,,,,5
,Radostné Česko,,,,,0
,STAROSTOVÉ A NEZÁVISLÍ,,,,,3
,Komunistická str.Čech a Moravy,,,,,20
,Strana zelených,,,,,0
,"ROZUMNÍ-stop migraci,diktát.EU",,,,,0
,Strana svobodných občanů,,,,,2
,Blok proti islam.-Obran.domova,,,,,0
,Občanská demokratická aliance,,,,,1
,Česká pirátská strana,,,,,21
,Unie H.A.V.E.L.,,,,,0
,Referendum o Evropské unii,,,,,0
,TOP 09,,,,,12
,ANO 2011,,,,,53
,Dobrá volba 2016,,,,,0
,SPR-Republ.str.Čsl. M.Sládka,,,,,0
,Křesť.demokr.unie-Čs.str.lid.,,,,,3
,Česká strana národně sociální,,,,,0
,REALISTÉ,,,,,0
,SPORTOVCI,,,,,0
,Dělnic.str.sociální spravedl.,,,,,0
,Svob.a př.dem.-T.Okamura (SPD),,,,,5
,Strana Práv Občanů,,,,,0
